"","scientificName","agency","project","relyea_order","relyea_site_count","relyea_taxa_FSBI","relyea_sensitivity_score","source","relyea_note"
"1","Ablabesmyia","BLM","AIM PIBO OE",NA,NA,NA,NA,NA,NA
"2","Ablabesmyia","BLM","AIM WW OE",NA,NA,NA,NA,NA,NA
"3","Ablabesmyia","USFS","PIBO",NA,NA,NA,NA,NA,NA
"4","Acentrella","BLM","AIM PIBO OE","E",176,5,"slightly fine sediment sensitive","Relyea et al. 2012 Table 2",""
"5","Acentrella","USFS","PIBO","E",176,5,"slightly fine sediment sensitive","Relyea et al. 2012 Table 2",""
"6","Acentrella","BLM","AIM WW OE","E",176,5,"slightly fine sediment sensitive","Relyea et al. 2012 Table 2",""
"7","Acentrella insignificans","USFS","PIBO","E",74,5,"slightly fine sediment sensitive","Relyea et al. 2012 Table 2",""
"8","Acentrella turbida","USFS","PIBO","E",72,5,"slightly fine sediment sensitive","Relyea et al. 2012 Table 2",""
"9","Acerpenna","USFS","PIBO",NA,NA,NA,NA,NA,NA
"10","Actinopterygii","USFS","PIBO",NA,NA,NA,NA,NA,NA
"11","Aeshna","BLM","AIM WW OE",NA,NA,NA,NA,NA,NA
"12","Aeshna","USFS","PIBO",NA,NA,NA,NA,NA,NA
"13","Aeshna eremita","USFS","PIBO",NA,NA,NA,NA,NA,NA
"14","Aeshna interrupta","USFS","PIBO",NA,NA,NA,NA,NA,NA
"15","Aeshnidae","USFS","PIBO",NA,NA,NA,NA,NA,NA
"16","Agabus","BLM","AIM WW OE",NA,NA,NA,NA,NA,NA
"17","Agabus","USFS","PIBO",NA,NA,NA,NA,NA,NA
"18","Agapetus","BLM","AIM PIBO OE","T",68,5,"slightly fine sediment sensitive","Relyea et al. 2012 Table 2",""
"19","Agapetus","USFS","PIBO","T",68,5,"slightly fine sediment sensitive","Relyea et al. 2012 Table 2",""
"20","Agapetus","BLM","AIM WW OE","T",68,5,"slightly fine sediment sensitive","Relyea et al. 2012 Table 2",""
"21","Agathon","BLM","AIM PIBO OE",NA,NA,NA,NA,NA,NA
"22","Agathon","BLM","AIM WW OE",NA,NA,NA,NA,NA,NA
"23","Agathon","USFS","PIBO",NA,NA,NA,NA,NA,NA
"24","Agraylea","USFS","PIBO",NA,NA,NA,NA,NA,NA
"25","Agraylea","BLM","AIM PIBO OE",NA,NA,NA,NA,NA,NA
"26","Agraylea","BLM","AIM WW OE",NA,NA,NA,NA,NA,NA
"27","Allocosmoecus","USFS","PIBO",NA,NA,NA,NA,NA,NA
"28","Allocosmoecus partitus","USFS","PIBO",NA,NA,NA,NA,NA,NA
"29","Allomyia","BLM","AIM WW OE",NA,NA,NA,NA,NA,NA
"30","Allomyia","USFS","PIBO",NA,NA,NA,NA,NA,NA
"31","Alloperla","USFS","PIBO",NA,NA,NA,NA,NA,NA
"32","Alotanypus","BLM","AIM PIBO OE",NA,NA,NA,NA,NA,NA
"33","Alotanypus","USFS","PIBO",NA,NA,NA,NA,NA,NA
"34","Ambrysus","USFS","PIBO",NA,NA,NA,NA,NA,NA
"35","Ambrysus","BLM","AIM WW OE",NA,NA,NA,NA,NA,NA
"36","Ameletus","BLM","AIM PIBO OE",NA,NA,NA,NA,NA,NA
"37","Ameletus","BLM","AIM WW OE",NA,NA,NA,NA,NA,NA
"38","Ameletus","USFS","PIBO",NA,NA,NA,NA,NA,NA
"39","Ameletus similior","USFS","PIBO",NA,NA,NA,NA,NA,NA
"40","Ametor","BLM","AIM PIBO OE",NA,NA,NA,NA,NA,NA
"41","Ametor","BLM","AIM WW OE",NA,NA,NA,NA,NA,NA
"42","Ametor","USFS","PIBO",NA,NA,NA,NA,NA,NA
"43","Amiocentrus","BLM","AIM PIBO OE",NA,NA,NA,NA,NA,NA
"44","Amiocentrus","BLM","AIM WW OE",NA,NA,NA,NA,NA,NA
"45","Amiocentrus","USFS","PIBO",NA,NA,NA,NA,NA,NA
"46","Amiocentrus aspilus","USFS","PIBO","T",40,5,"slightly fine sediment sensitive","Relyea et al. 2012 Table 2",""
"47","Amiocentrus aspilus","BLM","AIM PIBO OE","T",40,5,"slightly fine sediment sensitive","Relyea et al. 2012 Table 2",""
"48","Amiocentrus aspilus","BLM","AIM WW OE","T",40,5,"slightly fine sediment sensitive","Relyea et al. 2012 Table 2",""
"49","Amphicosmoecus","USFS","PIBO",NA,NA,NA,NA,NA,NA
"50","Amphicosmoecus canax","USFS","PIBO",NA,NA,NA,NA,NA,NA
"51","Amphinemura","BLM","AIM WW OE",NA,NA,NA,NA,NA,NA
"52","Amphinemura","BLM","AIM PIBO OE",NA,NA,NA,NA,NA,NA
"53","Amphinemura","USFS","PIBO",NA,NA,NA,NA,NA,NA
"54","Amphinemura banksi","USFS","PIBO",NA,NA,NA,NA,NA,NA
"55","Amphinemura/Malenka","USFS","PIBO",NA,NA,NA,NA,NA,NA
"56","Amphipoda","USFS","PIBO",NA,NA,NA,NA,NA,NA
"57","Amphizoa","USFS","PIBO",NA,NA,NA,NA,NA,NA
"58","Ampumixis dispar","USFS","PIBO","C",28,20,"extremely fine sediment sensitive","Relyea et al. 2012 Table 2",""
"59","Anacaena","USFS","PIBO",NA,NA,NA,NA,NA,NA
"60","Anagapetus","BLM","AIM WW OE","T",58,5,"slightly fine sediment sensitive","Relyea et al. 2012 Table 2",""
"61","Anagapetus","USFS","PIBO","T",58,5,"slightly fine sediment sensitive","Relyea et al. 2012 Table 2",""
"62","Anagapetus","BLM","AIM PIBO OE","T",58,5,"slightly fine sediment sensitive","Relyea et al. 2012 Table 2",""
"63","Anopheles","USFS","PIBO",NA,NA,NA,NA,NA,NA
"64","Antocha","USFS","PIBO","D",347,5,"slightly fine sediment sensitive","Relyea et al. 2012 Table 2",""
"65","Antocha monticola","BLM","AIM WW OE","D",37,15,"very fine sediment sensitive","Relyea et al. 2012 Table 2",""
"66","Antocha monticola","BLM","AIM PIBO OE","D",37,15,"very fine sediment sensitive","Relyea et al. 2012 Table 2",""
"67","Antocha monticola","USFS","PIBO","D",37,15,"very fine sediment sensitive","Relyea et al. 2012 Table 2",""
"68","Anura","USFS","PIBO",NA,NA,NA,NA,NA,NA
"69","Apatania","USFS","PIBO","T",112,10,"moderately fine sediment sensitive","Relyea et al. 2012 Table 2",""
"70","Apatania","BLM","AIM PIBO OE","T",112,10,"moderately fine sediment sensitive","Relyea et al. 2012 Table 2",""
"71","Apatania","BLM","AIM WW OE","T",112,10,"moderately fine sediment sensitive","Relyea et al. 2012 Table 2",""
"72","Apedilum","BLM","AIM WW OE",NA,NA,NA,NA,NA,NA
"73","Apedilum","BLM","AIM PIBO OE",NA,NA,NA,NA,NA,NA
"74","Apedilum","USFS","PIBO",NA,NA,NA,NA,NA,NA
"75","Aquarius","USFS","PIBO",NA,NA,NA,NA,NA,NA
"76","Archilestes grandis","USFS","PIBO",NA,NA,NA,NA,NA,NA
"77","Arctopsyche","USFS","PIBO","T",199,15,"very fine sediment sensitive","Relyea et al. 2012 Table 2",""
"78","Arctopsyche grandis","USFS","PIBO","T",190,15,"very fine sediment sensitive","Relyea et al. 2012 Table 2",""
"79","Arctopsyche grandis","BLM","AIM WW OE","T",190,15,"very fine sediment sensitive","Relyea et al. 2012 Table 2",""
"80","Arctopsyche grandis","BLM","AIM PIBO OE","T",190,15,"very fine sediment sensitive","Relyea et al. 2012 Table 2",""
"81","Arctopsychinae","USFS","PIBO","T",48,10,"moderately fine sediment sensitive","Relyea et al. 2012 Table 2",""
"82","Argia","BLM","AIM WW OE",NA,NA,NA,NA,NA,NA
"83","Argia","USFS","PIBO",NA,NA,NA,NA,NA,NA
"84","Argia vivida","USFS","PIBO",NA,NA,NA,NA,NA,NA
"85","Arrenurus","BLM","AIM PIBO OE",NA,NA,NA,NA,NA,NA
"86","Arrenurus","BLM","AIM WW OE",NA,NA,NA,NA,NA,NA
"87","Arrenurus","USFS","PIBO",NA,NA,NA,NA,NA,NA
"88","Ascaphus truei","USFS","PIBO",NA,NA,NA,NA,NA,NA
"89","Asellidae","USFS","PIBO",NA,NA,NA,NA,NA,NA
"90","Asioplax","BLM","AIM WW OE",NA,NA,NA,NA,NA,NA
"91","Asioplax","USFS","PIBO",NA,NA,NA,NA,NA,NA
"92","Astacidae","BLM","AIM PIBO OE",NA,NA,NA,NA,NA,NA
"93","Astacidae","USFS","PIBO",NA,NA,NA,NA,NA,NA
"94","Athericidae","USFS","PIBO",NA,NA,NA,NA,NA,NA
"95","Atherix","USFS","PIBO","D",113,5,"slightly fine sediment sensitive","Relyea et al. 2012 Table 2",""
"96","Atherix pachypus","BLM","AIM PIBO OE",NA,NA,NA,NA,NA,NA
"97","Atherix pachypus","BLM","AIM WW OE",NA,NA,NA,NA,NA,NA
"98","Atherix pachypus","USFS","PIBO",NA,NA,NA,NA,NA,NA
"99","Atractelmis wawona","USFS","PIBO",NA,NA,NA,NA,NA,NA
"100","Atrichopogon","BLM","AIM PIBO OE","D",53,15,"very fine sediment sensitive","Relyea et al. 2012 Table 2",""
"101","Atrichopogon","BLM","AIM WW OE","D",53,15,"very fine sediment sensitive","Relyea et al. 2012 Table 2",""
"102","Atrichopogon","USFS","PIBO","D",53,15,"very fine sediment sensitive","Relyea et al. 2012 Table 2",""
"103","Atrichopogon/Forcipomyia","USFS","PIBO",NA,NA,NA,NA,NA,NA
"104","Attenella","USFS","PIBO","E",95,10,"moderately fine sediment sensitive","Relyea et al. 2012 Table 2",""
"105","Attenella","BLM","AIM WW OE","E",95,10,"moderately fine sediment sensitive","Relyea et al. 2012 Table 2",""
"106","Attenella delantala","USFS","PIBO","E",7,10,"moderately fine sediment sensitive","Relyea 2007 Table 4","n-size too small, therefore species occurrence value is the same as genus occurrence value"
"107","Attenella delantala","BLM","AIM WW OE","E",7,10,"moderately fine sediment sensitive","Relyea 2007 Table 4","n-size too small, therefore species occurrence value is the same as genus occurrence value"
"108","Attenella margarita","USFS","PIBO","E",50,15,"very fine sediment sensitive","Relyea et al. 2012 Table 2",""
"109","Baetidae","USFS","PIBO",NA,NA,NA,NA,NA,NA
"110","Baetis","BLM","AIM PIBO OE",NA,NA,NA,NA,NA,NA
"111","Baetis","BLM","AIM WW OE",NA,NA,NA,NA,NA,NA
"112","Baetis","USFS","PIBO",NA,NA,NA,NA,NA,NA
"113","Baetis bicaudatus","USFS","PIBO","E",324,5,"slightly fine sediment sensitive","Relyea et al. 2012 Table 2",""
"114","Baetis tricaudatus","USFS","PIBO",NA,NA,NA,NA,NA,NA
"115","Berosus","BLM","AIM WW OE",NA,NA,NA,NA,NA,NA
"116","Berosus","USFS","PIBO",NA,NA,NA,NA,NA,NA
"117","Bezzia","BLM","AIM WW OE",NA,NA,NA,NA,NA,NA
"118","Bezzia","BLM","AIM PIBO OE",NA,NA,NA,NA,NA,NA
"119","Bezzia","USFS","PIBO",NA,NA,NA,NA,NA,NA
"120","Bezzia/Probezzia","USFS","PIBO",NA,NA,NA,NA,NA,NA
"121","Bibiocephala","USFS","PIBO",NA,NA,NA,NA,NA,NA
"122","Bibiocephala grandis","BLM","AIM PIBO OE",NA,NA,NA,NA,NA,NA
"123","Bibiocephala grandis","BLM","AIM WW OE",NA,NA,NA,NA,NA,NA
"124","Bibiocephala grandis","USFS","PIBO",NA,NA,NA,NA,NA,NA
"125","Bidessini","USFS","PIBO",NA,NA,NA,NA,NA,NA
"126","Blepharicera","USFS","PIBO",NA,NA,NA,NA,NA,NA
"127","Blepharicera","BLM","AIM WW OE",NA,NA,NA,NA,NA,NA
"128","Blephariceridae","BLM","AIM PIBO OE",NA,NA,NA,NA,NA,NA
"129","Blephariceridae","BLM","AIM WW OE",NA,NA,NA,NA,NA,NA
"130","Blephariceridae","USFS","PIBO",NA,NA,NA,NA,NA,NA
"131","Boreoheptagyia","BLM","AIM WW OE",NA,NA,NA,NA,NA,NA
"132","Boreoheptagyia","BLM","AIM PIBO OE",NA,NA,NA,NA,NA,NA
"133","Boreoheptagyia","USFS","PIBO",NA,NA,NA,NA,NA,NA
"134","Brachycentridae","USFS","PIBO",NA,NA,NA,NA,NA,NA
"135","Brachycentrus","BLM","AIM WW OE",NA,NA,NA,NA,NA,NA
"136","Brachycentrus","BLM","AIM PIBO OE",NA,NA,NA,NA,NA,NA
"137","Brachycentrus","USFS","PIBO",NA,NA,NA,NA,NA,NA
"138","Brachycentrus americanus","BLM","AIM WW OE","T",191,15,"very fine sediment sensitive","Relyea et al. 2012 Table 2",""
"139","Brachycentrus americanus","BLM","AIM PIBO OE","T",191,15,"very fine sediment sensitive","Relyea et al. 2012 Table 2",""
"140","Brachycentrus americanus","USFS","PIBO","T",191,15,"very fine sediment sensitive","Relyea et al. 2012 Table 2",""
"141","Brachycentrus occidentalis","BLM","AIM PIBO OE",NA,NA,NA,NA,NA,NA
"142","Brachycentrus occidentalis","BLM","AIM WW OE",NA,NA,NA,NA,NA,NA
"143","Brachycentrus occidentalis","USFS","PIBO",NA,NA,NA,NA,NA,NA
"144","Brillia","BLM","AIM PIBO OE",NA,NA,NA,NA,NA,NA
"145","Brillia","BLM","AIM WW OE",NA,NA,NA,NA,NA,NA
"146","Brillia","USFS","PIBO",NA,NA,NA,NA,NA,NA
"147","Brychius","BLM","AIM WW OE",NA,NA,NA,NA,NA,NA
"148","Brychius","USFS","PIBO",NA,NA,NA,NA,NA,NA
"149","Bryelmis idahoensis","BLM","AIM PIBO OE",NA,NA,NA,NA,NA,NA
"150","Bryelmis idahoensis","USFS","PIBO",NA,NA,NA,NA,NA,NA
"151","Caecidotea","BLM","AIM WW OE",NA,NA,NA,NA,NA,NA
"152","Caecidotea","USFS","PIBO",NA,NA,NA,NA,NA,NA
"153","Caenis","BLM","AIM WW OE",NA,NA,NA,NA,NA,NA
"154","Caenis","USFS","PIBO",NA,NA,NA,NA,NA,NA
"155","Caenis latipennis","USFS","PIBO",NA,NA,NA,NA,NA,NA
"156","Calineuria","USFS","PIBO",NA,NA,NA,NA,NA,NA
"157","Calineuria californica","BLM","AIM PIBO OE","P",160,10,"moderately fine sediment sensitive","Relyea et al. 2012 Table 2",""
"158","Calineuria californica","BLM","AIM WW OE","P",160,10,"moderately fine sediment sensitive","Relyea et al. 2012 Table 2",""
"159","Calineuria californica","USFS","PIBO","P",160,10,"moderately fine sediment sensitive","Relyea et al. 2012 Table 2",""
"160","Callibaetis","BLM","AIM WW OE",NA,NA,NA,NA,NA,NA
"161","Callibaetis","USFS","PIBO",NA,NA,NA,NA,NA,NA
"162","Callicorixa audeni","USFS","PIBO",NA,NA,NA,NA,NA,NA
"163","Caloparyphus","BLM","AIM WW OE",NA,NA,NA,NA,NA,NA
"164","Caloparyphus","USFS","PIBO",NA,NA,NA,NA,NA,NA
"165","Calopterygidae","BLM","AIM PIBO OE",NA,NA,NA,NA,NA,NA
"166","Calopterygidae","USFS","PIBO",NA,NA,NA,NA,NA,NA
"167","Cambaridae","USFS","PIBO",NA,NA,NA,NA,NA,NA
"168","Cambaridae","BLM","AIM WW OE",NA,NA,NA,NA,NA,NA
"169","Capnia","USFS","PIBO",NA,NA,NA,NA,NA,NA
"170","Capniidae","BLM","AIM PIBO OE",NA,NA,NA,NA,NA,NA
"171","Capniidae","BLM","AIM WW OE",NA,NA,NA,NA,NA,NA
"172","Capniidae","USFS","PIBO",NA,NA,NA,NA,NA,NA
"173","Capniidae/Leuctridae","USFS","PIBO",NA,NA,NA,NA,NA,NA
"174","Carabidae","BLM","AIM WW OE",NA,NA,NA,NA,NA,NA
"175","Carabidae","USFS","PIBO",NA,NA,NA,NA,NA,NA
"176","Cardiocladius","BLM","AIM PIBO OE",NA,NA,NA,NA,NA,NA
"177","Cardiocladius","BLM","AIM WW OE",NA,NA,NA,NA,NA,NA
"178","Cardiocladius","USFS","PIBO",NA,NA,NA,NA,NA,NA
"179","Caudatella","USFS","PIBO","E",194,15,"very fine sediment sensitive","Relyea et al. 2012 Table 2",""
"180","Caudatella","BLM","AIM PIBO OE","E",194,15,"very fine sediment sensitive","Relyea et al. 2012 Table 2",""
"181","Caudatella","BLM","AIM WW OE","E",194,15,"very fine sediment sensitive","Relyea et al. 2012 Table 2",""
"182","Caudatella edmundsi","USFS","PIBO","E",16,15,"very fine sediment sensitive","Relyea 2007 Table 4","n-size too small, therefore species occurrence value is the same as genus occurrence value"
"183","Caudatella heterocaudata","USFS","PIBO","E",7,15,"very fine sediment sensitive","Relyea 2007 Table 4","n-size too small, therefore species occurrence value is the same as genus occurrence value"
"184","Caudatella heterocaudata","BLM","AIM PIBO OE","E",7,15,"very fine sediment sensitive","Relyea 2007 Table 4","n-size too small, therefore species occurrence value is the same as genus occurrence value"
"185","Caudatella heterocaudata","BLM","AIM WW OE","E",7,15,"very fine sediment sensitive","Relyea 2007 Table 4","n-size too small, therefore species occurrence value is the same as genus occurrence value"
"186","Caudatella hystrix","BLM","AIM WW OE","E",55,15,"very fine sediment sensitive","Relyea et al. 2012 Table 2",""
"187","Caudatella hystrix","USFS","PIBO","E",55,15,"very fine sediment sensitive","Relyea et al. 2012 Table 2",""
"188","Caudatella hystrix","BLM","AIM PIBO OE","E",55,15,"very fine sediment sensitive","Relyea et al. 2012 Table 2",""
"189","Caudatella jacobi","USFS","PIBO","E",5,15,"very fine sediment sensitive","Relyea 2007 Table 4","n-size too small, therefore species occurrence value is the same as genus occurrence value"
"190","Caurinella idahoensis","USFS","PIBO",NA,NA,NA,NA,NA,NA
"191","Centroptilum","BLM","AIM PIBO OE",NA,NA,NA,NA,NA,NA
"192","Centroptilum","BLM","AIM WW OE",NA,NA,NA,NA,NA,NA
"193","Centroptilum","USFS","PIBO",NA,NA,NA,NA,NA,NA
"194","Ceraclea","USFS","PIBO",NA,NA,NA,NA,NA,NA
"195","Ceratopogan/Culicoides","USFS","PIBO",NA,NA,NA,NA,NA,NA
"196","Ceratopogon","BLM","AIM PIBO OE",NA,NA,NA,NA,NA,NA
"197","Ceratopogon","BLM","AIM WW OE",NA,NA,NA,NA,NA,NA
"198","Ceratopogon","USFS","PIBO",NA,NA,NA,NA,NA,NA
"199","Ceratopogonidae","BLM","AIM WW OE",NA,NA,NA,NA,NA,NA
"200","Ceratopogonidae","USFS","PIBO",NA,NA,NA,NA,NA,NA
"201","Ceratopogoninae","BLM","AIM PIBO OE",NA,NA,NA,NA,NA,NA
"202","Ceratopogoninae","USFS","PIBO",NA,NA,NA,NA,NA,NA
"203","Chaetarthria","USFS","PIBO",NA,NA,NA,NA,NA,NA
"204","Chaetocladius","BLM","AIM PIBO OE",NA,NA,NA,NA,NA,NA
"205","Chaetocladius","BLM","AIM WW OE",NA,NA,NA,NA,NA,NA
"206","Chaetocladius","USFS","PIBO",NA,NA,NA,NA,NA,NA
"207","Chaoborus","USFS","PIBO",NA,NA,NA,NA,NA,NA
"208","Chelifera","BLM","AIM PIBO OE",NA,NA,NA,NA,NA,NA
"209","Chelifera","USFS","PIBO",NA,NA,NA,NA,NA,NA
"210","Chelifera","BLM","AIM WW OE",NA,NA,NA,NA,NA,NA
"211","Chelifera/Neoplasta","BLM","AIM PIBO OE",NA,NA,NA,NA,NA,NA
"212","Chelifera/Neoplasta","BLM","AIM WW OE",NA,NA,NA,NA,NA,NA
"213","Chelifera/Neoplasta","USFS","PIBO",NA,NA,NA,NA,NA,NA
"214","Cheryl Barr Undescribed","USFS","PIBO",NA,NA,NA,NA,NA,NA
"215","Cheumatopsyche","BLM","AIM WW OE",NA,NA,NA,NA,NA,NA
"216","Cheumatopsyche","USFS","PIBO",NA,NA,NA,NA,NA,NA
"217","Chimarra","BLM","AIM WW OE",NA,NA,NA,NA,NA,NA
"218","Chimarra","USFS","PIBO",NA,NA,NA,NA,NA,NA
"219","Chironomidae","BLM","AIM WW OE",NA,NA,NA,NA,NA,NA
"220","Chironomidae","USFS","PIBO",NA,NA,NA,NA,NA,NA
"221","Chironominae","BLM","AIM PIBO OE",NA,NA,NA,NA,NA,NA
"222","Chironominae","BLM","AIM WW OE",NA,NA,NA,NA,NA,NA
"223","Chironominae","USFS","PIBO",NA,NA,NA,NA,NA,NA
"224","Chironomini","BLM","AIM PIBO OE",NA,NA,NA,NA,NA,NA
"225","Chironomini","BLM","AIM WW OE",NA,NA,NA,NA,NA,NA
"226","Chironomini","USFS","PIBO",NA,NA,NA,NA,NA,NA
"227","Chironomus","BLM","AIM WW OE",NA,NA,NA,NA,NA,NA
"228","Chironomus","BLM","AIM PIBO OE",NA,NA,NA,NA,NA,NA
"229","Chironomus","USFS","PIBO",NA,NA,NA,NA,NA,NA
"230","Chloroperlidae","BLM","AIM PIBO OE",NA,NA,NA,NA,NA,NA
"231","Chloroperlidae","BLM","AIM WW OE",NA,NA,NA,NA,NA,NA
"232","Chloroperlidae","USFS","PIBO",NA,NA,NA,NA,NA,NA
"233","Chloroperlinae","BLM","AIM PIBO OE",NA,NA,NA,NA,NA,NA
"234","Chloroperlinae","BLM","AIM WW OE",NA,NA,NA,NA,NA,NA
"235","Chloroperlinae","USFS","PIBO",NA,NA,NA,NA,NA,NA
"236","Chryanda","USFS","PIBO",NA,NA,NA,NA,NA,NA
"237","Chrysops","BLM","AIM PIBO OE",NA,NA,NA,NA,NA,NA
"238","Chrysops","BLM","AIM WW OE",NA,NA,NA,NA,NA,NA
"239","Chrysops","USFS","PIBO",NA,NA,NA,NA,NA,NA
"240","Chyranda centralis","BLM","AIM PIBO OE",NA,NA,NA,NA,NA,NA
"241","Chyranda centralis","BLM","AIM WW OE",NA,NA,NA,NA,NA,NA
"242","Chyranda centralis","USFS","PIBO",NA,NA,NA,NA,NA,NA
"243","Cinygma","BLM","AIM PIBO OE",NA,NA,NA,NA,NA,NA
"244","Cinygma","BLM","AIM WW OE",NA,NA,NA,NA,NA,NA
"245","Cinygma","USFS","PIBO",NA,NA,NA,NA,NA,NA
"246","Cinygmula","BLM","AIM PIBO OE","E",612,5,"slightly fine sediment sensitive","Relyea et al. 2012 Table 2",""
"247","Cinygmula","BLM","AIM WW OE","E",612,5,"slightly fine sediment sensitive","Relyea et al. 2012 Table 2",""
"248","Cinygmula","USFS","PIBO","E",612,5,"slightly fine sediment sensitive","Relyea et al. 2012 Table 2",""
"249","Claassenia sabulosa","BLM","AIM WW OE","P",44,20,"extremely fine sediment sensitive","Relyea et al. 2012 Table 2",""
"250","Claassenia sabulosa","USFS","PIBO","P",44,20,"extremely fine sediment sensitive","Relyea et al. 2012 Table 2",""
"251","Claassenia sabulosa","BLM","AIM PIBO OE","P",44,20,"extremely fine sediment sensitive","Relyea et al. 2012 Table 2",""
"252","Cladotanytarsus","BLM","AIM PIBO OE",NA,NA,NA,NA,NA,NA
"253","Cladotanytarsus","BLM","AIM WW OE",NA,NA,NA,NA,NA,NA
"254","Cladotanytarsus","USFS","PIBO",NA,NA,NA,NA,NA,NA
"255","Cleptelmis","USFS","PIBO",NA,NA,NA,NA,NA,NA
"256","Cleptelmis addenda","BLM","AIM PIBO OE",NA,NA,NA,NA,NA,NA
"257","Cleptelmis addenda","BLM","AIM WW OE",NA,NA,NA,NA,NA,NA
"258","Cleptelmis addenda","USFS","PIBO",NA,NA,NA,NA,NA,NA
"259","Clinocera","BLM","AIM PIBO OE",NA,NA,NA,NA,NA,NA
"260","Clinocera","BLM","AIM WW OE",NA,NA,NA,NA,NA,NA
"261","Clinocera","USFS","PIBO",NA,NA,NA,NA,NA,NA
"262","Coenagrionidae","BLM","AIM WW OE",NA,NA,NA,NA,NA,NA
"263","Coenagrionidae","USFS","PIBO",NA,NA,NA,NA,NA,NA
"264","Coleoptera","USFS","PIBO",NA,NA,NA,NA,NA,NA
"265","Collembola","USFS","PIBO",NA,NA,NA,NA,NA,NA
"266","Copepoda","USFS","PIBO",NA,NA,NA,NA,NA,NA
"267","Cordulegaster","USFS","PIBO",NA,NA,NA,NA,NA,NA
"268","Cordulegaster dorsalis","BLM","AIM WW OE",NA,NA,NA,NA,NA,NA
"269","Cordulegaster dorsalis","USFS","PIBO",NA,NA,NA,NA,NA,NA
"270","Corduliidae","USFS","PIBO",NA,NA,NA,NA,NA,NA
"271","Corisella","USFS","PIBO",NA,NA,NA,NA,NA,NA
"272","Corixidae","BLM","AIM WW OE",NA,NA,NA,NA,NA,NA
"273","Corixidae","USFS","PIBO",NA,NA,NA,NA,NA,NA
"274","Corynoneura","BLM","AIM PIBO OE",NA,NA,NA,NA,NA,NA
"275","Corynoneura","BLM","AIM WW OE",NA,NA,NA,NA,NA,NA
"276","Corynoneura","USFS","PIBO",NA,NA,NA,NA,NA,NA
"277","Cottidae","USFS","PIBO",NA,NA,NA,NA,NA,NA
"278","Cottus","USFS","PIBO",NA,NA,NA,NA,NA,NA
"279","Crangonyctidae","USFS","PIBO",NA,NA,NA,NA,NA,NA
"280","Crenitis","USFS","PIBO",NA,NA,NA,NA,NA,NA
"281","Cricotopus","BLM","AIM PIBO OE",NA,NA,NA,NA,NA,NA
"282","Cricotopus","BLM","AIM WW OE",NA,NA,NA,NA,NA,NA
"283","Cricotopus","USFS","PIBO",NA,NA,NA,NA,NA,NA
"284","Cricotopus bicinctus group","BLM","AIM PIBO OE",NA,NA,NA,NA,NA,NA
"285","Cricotopus bicinctus group","BLM","AIM WW OE",NA,NA,NA,NA,NA,NA
"286","Cricotopus bicinctus group","USFS","PIBO",NA,NA,NA,NA,NA,NA
"287","Cricotopus nostocicola","BLM","AIM WW OE",NA,NA,NA,NA,NA,NA
"288","Cricotopus nostocicola","BLM","AIM PIBO OE",NA,NA,NA,NA,NA,NA
"289","Cricotopus nostocicola","USFS","PIBO",NA,NA,NA,NA,NA,NA
"290","Cricotopus trifascia group","BLM","AIM PIBO OE",NA,NA,NA,NA,NA,NA
"291","Cricotopus trifascia group","BLM","AIM WW OE",NA,NA,NA,NA,NA,NA
"292","Cricotopus trifascia group","USFS","PIBO",NA,NA,NA,NA,NA,NA
"293","Cryptochia","BLM","AIM PIBO OE",NA,NA,NA,NA,NA,NA
"294","Cryptochia","BLM","AIM WW OE",NA,NA,NA,NA,NA,NA
"295","Cryptochia","USFS","PIBO",NA,NA,NA,NA,NA,NA
"296","Cryptolabis","BLM","AIM WW OE",NA,NA,NA,NA,NA,NA
"297","Cryptolabis","USFS","PIBO",NA,NA,NA,NA,NA,NA
"298","Cryptotendipes","BLM","AIM PIBO OE",NA,NA,NA,NA,NA,NA
"299","Cryptotendipes","BLM","AIM WW OE",NA,NA,NA,NA,NA,NA
"300","Cryptotendipes","USFS","PIBO",NA,NA,NA,NA,NA,NA
"301","Culex","BLM","AIM WW OE",NA,NA,NA,NA,NA,NA
"302","Culex","USFS","PIBO",NA,NA,NA,NA,NA,NA
"303","Culicidae","USFS","PIBO",NA,NA,NA,NA,NA,NA
"304","Culicidae","BLM","AIM WW OE",NA,NA,NA,NA,NA,NA
"305","Culicoides","BLM","AIM PIBO OE",NA,NA,NA,NA,NA,NA
"306","Culicoides","BLM","AIM WW OE",NA,NA,NA,NA,NA,NA
"307","Culicoides","USFS","PIBO",NA,NA,NA,NA,NA,NA
"308","Culiseta","USFS","PIBO",NA,NA,NA,NA,NA,NA
"309","Culiseta","BLM","AIM WW OE",NA,NA,NA,NA,NA,NA
"310","Culoptila/Protoptila","USFS","PIBO",NA,NA,NA,NA,NA,NA
"311","Cultus","USFS","PIBO","P",70,15,"very fine sediment sensitive","Relyea et al. 2012 Table 2",""
"312","Curculionidae","BLM","AIM WW OE",NA,NA,NA,NA,NA,NA
"313","Curculionidae","USFS","PIBO",NA,NA,NA,NA,NA,NA
"314","Cymbiodyta","USFS","PIBO",NA,NA,NA,NA,NA,NA
"315","Dasyhelea","BLM","AIM WW OE",NA,NA,NA,NA,NA,NA
"316","Dasyhelea","USFS","PIBO",NA,NA,NA,NA,NA,NA
"317","Decapoda","USFS","PIBO",NA,NA,NA,NA,NA,NA
"318","Deronectes","USFS","PIBO",NA,NA,NA,NA,NA,NA
"319","Desmona","USFS","PIBO",NA,NA,NA,NA,NA,NA
"320","Desmona mono","BLM","AIM WW OE",NA,NA,NA,NA,NA,NA
"321","Desmona mono","USFS","PIBO",NA,NA,NA,NA,NA,NA
"322","Despaxia augusta","USFS","PIBO","P",102,20,"extremely fine sediment sensitive","Relyea et al. 2012 Table 2",""
"323","Deuterophlebia","BLM","AIM PIBO OE",NA,NA,NA,NA,NA,NA
"324","Deuterophlebia","BLM","AIM WW OE",NA,NA,NA,NA,NA,NA
"325","Deuterophlebia","USFS","PIBO",NA,NA,NA,NA,NA,NA
"326","Deuterophlebia coloradensis","USFS","PIBO",NA,NA,NA,NA,NA,NA
"327","Diamesa","BLM","AIM PIBO OE",NA,NA,NA,NA,NA,NA
"328","Diamesa","BLM","AIM WW OE",NA,NA,NA,NA,NA,NA
"329","Diamesa","USFS","PIBO",NA,NA,NA,NA,NA,NA
"330","Diamesinae","BLM","AIM PIBO OE",NA,NA,NA,NA,NA,NA
"331","Diamesinae","BLM","AIM WW OE",NA,NA,NA,NA,NA,NA
"332","Diamesinae","USFS","PIBO",NA,NA,NA,NA,NA,NA
"333","Dicosmoecus","BLM","AIM PIBO OE","T",95,10,"moderately fine sediment sensitive","Relyea et al. 2012 Table 2",""
"334","Dicosmoecus","BLM","AIM WW OE","T",95,10,"moderately fine sediment sensitive","Relyea et al. 2012 Table 2",""
"335","Dicosmoecus","USFS","PIBO","T",95,10,"moderately fine sediment sensitive","Relyea et al. 2012 Table 2",""
"336","Dicranota","BLM","AIM PIBO OE",NA,NA,NA,NA,NA,NA
"337","Dicranota","BLM","AIM WW OE",NA,NA,NA,NA,NA,NA
"338","Dicranota","USFS","PIBO",NA,NA,NA,NA,NA,NA
"339","Dicrotendipes","BLM","AIM PIBO OE",NA,NA,NA,NA,NA,NA
"340","Dicrotendipes","BLM","AIM WW OE",NA,NA,NA,NA,NA,NA
"341","Dicrotendipes","USFS","PIBO",NA,NA,NA,NA,NA,NA
"342","Dina","BLM","AIM WW OE",NA,NA,NA,NA,NA,NA
"343","Dina","USFS","PIBO",NA,NA,NA,NA,NA,NA
"344","Dina dubia","USFS","PIBO",NA,NA,NA,NA,NA,NA
"345","Diphetor hageni","BLM","AIM PIBO OE",NA,NA,NA,NA,NA,NA
"346","Diphetor hageni","BLM","AIM WW OE",NA,NA,NA,NA,NA,NA
"347","Diphetor hageni","USFS","PIBO",NA,NA,NA,NA,NA,NA
"348","Diphetor/Fallceon","USFS","PIBO",NA,NA,NA,NA,NA,NA
"349","Diplocladius","BLM","AIM PIBO OE",NA,NA,NA,NA,NA,NA
"350","Diplocladius","BLM","AIM WW OE",NA,NA,NA,NA,NA,NA
"351","Diplocladius","USFS","PIBO",NA,NA,NA,NA,NA,NA
"352","Diptera","USFS","PIBO",NA,NA,NA,NA,NA,NA
"353","Diura","USFS","PIBO",NA,NA,NA,NA,NA,NA
"354","Diura knowltoni","BLM","AIM WW OE",NA,NA,NA,NA,NA,NA
"355","Diura knowltoni","USFS","PIBO",NA,NA,NA,NA,NA,NA
"356","Dixa","USFS","PIBO",NA,NA,NA,NA,NA,NA
"357","Dixa","BLM","AIM PIBO OE",NA,NA,NA,NA,NA,NA
"358","Dixa","BLM","AIM WW OE",NA,NA,NA,NA,NA,NA
"359","Dixella","BLM","AIM WW OE",NA,NA,NA,NA,NA,NA
"360","Dixella","USFS","PIBO",NA,NA,NA,NA,NA,NA
"361","Dixidae","USFS","PIBO",NA,NA,NA,NA,NA,NA
"362","Dolichopodidae","BLM","AIM PIBO OE",NA,NA,NA,NA,NA,NA
"363","Dolichopodidae","BLM","AIM WW OE",NA,NA,NA,NA,NA,NA
"364","Dolichopodidae","USFS","PIBO",NA,NA,NA,NA,NA,NA
"365","Dolophilodes","USFS","PIBO","T",118,10,"moderately fine sediment sensitive","Relyea et al. 2012 Table 2",""
"366","Dolophilodes","BLM","AIM WW OE","T",118,10,"moderately fine sediment sensitive","Relyea et al. 2012 Table 2",""
"367","Dolophilodes","BLM","AIM PIBO OE","T",118,10,"moderately fine sediment sensitive","Relyea et al. 2012 Table 2",""
"368","Doroneuria","USFS","PIBO","P",179,15,"very fine sediment sensitive","Relyea et al. 2012 Table 2",""
"369","Doroneuria baumanni","USFS","PIBO","P",7,15,"very fine sediment sensitive","Relyea 2007 Table 4","n-size too small, therefore species occurrence value is the same as genus occurrence value"
"370","Doroneuria theodora","BLM","AIM WW OE","P",7,15,"very fine sediment sensitive","Relyea 2007 Table 4","n-size too small, therefore species occurrence value is the same as genus occurrence value"
"371","Doroneuria theodora","BLM","AIM PIBO OE","P",7,15,"very fine sediment sensitive","Relyea 2007 Table 4","n-size too small, therefore species occurrence value is the same as genus occurrence value"
"372","Doroneuria theodora","USFS","PIBO","P",7,15,"very fine sediment sensitive","Relyea 2007 Table 4","n-size too small, therefore species occurrence value is the same as genus occurrence value"
"373","Drunella","USFS","PIBO",NA,NA,NA,NA,NA,NA
"374","Drunella coloradensis","USFS","PIBO","E",187,10,"moderately fine sediment sensitive","Relyea et al. 2012 Table 2",""
"375","Drunella coloradensis","BLM","AIM PIBO OE","E",187,10,"moderately fine sediment sensitive","Relyea et al. 2012 Table 2",""
"376","Drunella coloradensis","BLM","AIM WW OE","E",187,10,"moderately fine sediment sensitive","Relyea et al. 2012 Table 2",""
"377","Drunella coloradensis/flavilinea","BLM","AIM PIBO OE","E",155,15,"very fine sediment sensitive","Relyea et al. 2012 Table 2",""
"378","Drunella coloradensis/flavilinea","USFS","PIBO","E",155,15,"very fine sediment sensitive","Relyea et al. 2012 Table 2",""
"379","Drunella coloradensis/flavilinea","BLM","AIM WW OE","E",155,15,"very fine sediment sensitive","Relyea et al. 2012 Table 2",""
"380","Drunella doddsii","BLM","AIM WW OE","E",499,15,"very fine sediment sensitive","Relyea et al. 2012 Table 2",""
"381","Drunella doddsii","USFS","PIBO","E",499,15,"very fine sediment sensitive","Relyea et al. 2012 Table 2",""
"382","Drunella doddsii","BLM","AIM PIBO OE","E",499,15,"very fine sediment sensitive","Relyea et al. 2012 Table 2",""
"383","Drunella flavilinea","USFS","PIBO",NA,NA,NA,NA,NA,NA
"384","Drunella grandis","BLM","AIM PIBO OE","E",107,10,"moderately fine sediment sensitive","Relyea et al. 2012 Table 2",""
"385","Drunella grandis","USFS","PIBO","E",107,10,"moderately fine sediment sensitive","Relyea et al. 2012 Table 2",""
"386","Drunella grandis","BLM","AIM WW OE","E",107,10,"moderately fine sediment sensitive","Relyea et al. 2012 Table 2",""
"387","Drunella grandis/spinifera","USFS","PIBO","E",132,10,"moderately fine sediment sensitive","Relyea et al. 2012 Table 2",""
"388","Drunella spinifera","USFS","PIBO","E",100,5,"slightly fine sediment sensitive","Relyea et al. 2012 Table 2",""
"389","Drunella spinifera","BLM","AIM PIBO OE","E",100,5,"slightly fine sediment sensitive","Relyea et al. 2012 Table 2",""
"390","Drunella spinifera","BLM","AIM WW OE","E",100,5,"slightly fine sediment sensitive","Relyea et al. 2012 Table 2",""
"391","Dubiraphia","BLM","AIM PIBO OE",NA,NA,NA,NA,NA,NA
"392","Dubiraphia","BLM","AIM WW OE",NA,NA,NA,NA,NA,NA
"393","Dubiraphia","USFS","PIBO",NA,NA,NA,NA,NA,NA
"394","Dubiraphia vittata","BLM","AIM PIBO OE",NA,NA,NA,NA,NA,NA
"395","Dubiraphia vittata","BLM","AIM WW OE",NA,NA,NA,NA,NA,NA
"396","Dubiraphia vittata","USFS","PIBO",NA,NA,NA,NA,NA,NA
"397","Dytiscidae","USFS","PIBO",NA,NA,NA,NA,NA,NA
"398","Ecclisocosmoecus scylla","USFS","PIBO",NA,NA,NA,NA,NA,NA
"399","Ecclisomyia","BLM","AIM WW OE","T",64,20,"extremely fine sediment sensitive","Relyea et al. 2012 Table 2",""
"400","Ecclisomyia","USFS","PIBO","T",64,20,"extremely fine sediment sensitive","Relyea et al. 2012 Table 2",""
"401","Ecclisomyia","BLM","AIM PIBO OE","T",64,20,"extremely fine sediment sensitive","Relyea et al. 2012 Table 2",""
"402","Ecdyonurus","USFS","PIBO",NA,NA,NA,NA,NA,NA
"403","Ecdyonurus criddlei","USFS","PIBO","E",56,5,"slightly fine sediment sensitive","Relyea et al. 2012 Table 2",""
"404","Elmidae","USFS","PIBO",NA,NA,NA,NA,NA,NA
"405","Empididae","BLM","AIM WW OE",NA,NA,NA,NA,NA,NA
"406","Empididae","USFS","PIBO",NA,NA,NA,NA,NA,NA
"407","Enallagma","USFS","PIBO",NA,NA,NA,NA,NA,NA
"408","Enallagma","BLM","AIM WW OE",NA,NA,NA,NA,NA,NA
"409","Enochrus","USFS","PIBO",NA,NA,NA,NA,NA,NA
"410","Eocosmoecus","USFS","PIBO",NA,NA,NA,NA,NA,NA
"411","Epeorus","BLM","AIM PIBO OE",NA,NA,NA,NA,NA,NA
"412","Epeorus","BLM","AIM WW OE",NA,NA,NA,NA,NA,NA
"413","Epeorus","USFS","PIBO",NA,NA,NA,NA,NA,NA
"414","Ephemera simulans","USFS","PIBO",NA,NA,NA,NA,NA,NA
"415","Ephemera simulans","BLM","AIM WW OE",NA,NA,NA,NA,NA,NA
"416","Ephemerella","BLM","AIM PIBO OE",NA,NA,NA,NA,NA,NA
"417","Ephemerella","BLM","AIM WW OE",NA,NA,NA,NA,NA,NA
"418","Ephemerella","USFS","PIBO",NA,NA,NA,NA,NA,NA
"419","Ephemerella alleni","USFS","PIBO",NA,NA,NA,NA,NA,NA
"420","Ephemerella aurivillii","USFS","PIBO",NA,NA,NA,NA,NA,NA
"421","Ephemerella dorothea/excrucians","BLM","AIM PIBO OE",NA,NA,NA,NA,NA,NA
"422","Ephemerella dorothea/excrucians","BLM","AIM WW OE",NA,NA,NA,NA,NA,NA
"423","Ephemerella dorothea/excrucians","USFS","PIBO",NA,NA,NA,NA,NA,NA
"424","Ephemerella tibialis","BLM","AIM WW OE","E",370,5,"slightly fine sediment sensitive","Relyea et al. 2012 Table 2",""
"425","Ephemerella tibialis","BLM","AIM PIBO OE","E",370,5,"slightly fine sediment sensitive","Relyea et al. 2012 Table 2",""
"426","Ephemerella tibialis","USFS","PIBO","E",370,5,"slightly fine sediment sensitive","Relyea et al. 2012 Table 2",""
"427","Ephemerellidae","USFS","PIBO",NA,NA,NA,NA,NA,NA
"428","Ephemeroptera","USFS","PIBO",NA,NA,NA,NA,NA,NA
"429","Ephydra","USFS","PIBO",NA,NA,NA,NA,NA,NA
"430","Ephydridae","BLM","AIM WW OE",NA,NA,NA,NA,NA,NA
"431","Ephydridae","USFS","PIBO",NA,NA,NA,NA,NA,NA
"432","Erpobdellidae","BLM","AIM WW OE",NA,NA,NA,NA,NA,NA
"433","Erpobdellidae","USFS","PIBO",NA,NA,NA,NA,NA,NA
"434","Eubrianax edwardsii","BLM","AIM PIBO OE",NA,NA,NA,NA,NA,NA
"435","Eubrianax edwardsii","BLM","AIM WW OE",NA,NA,NA,NA,NA,NA
"436","Eubrianax edwardsii","USFS","PIBO",NA,NA,NA,NA,NA,NA
"437","Eucapnopsis brevicauda","USFS","PIBO",NA,NA,NA,NA,NA,NA
"438","Eukiefferiella brehmi group","BLM","AIM PIBO OE",NA,NA,NA,NA,NA,NA
"439","Eukiefferiella brehmi group","BLM","AIM WW OE",NA,NA,NA,NA,NA,NA
"440","Eukiefferiella brehmi group","USFS","PIBO",NA,NA,NA,NA,NA,NA
"441","Eukiefferiella brevicalcar group","BLM","AIM WW OE",NA,NA,NA,NA,NA,NA
"442","Eukiefferiella brevicalcar group","BLM","AIM PIBO OE",NA,NA,NA,NA,NA,NA
"443","Eukiefferiella brevicalcar group","USFS","PIBO",NA,NA,NA,NA,NA,NA
"444","Eukiefferiella claripennis group","BLM","AIM PIBO OE",NA,NA,NA,NA,NA,NA
"445","Eukiefferiella claripennis group","BLM","AIM WW OE",NA,NA,NA,NA,NA,NA
"446","Eukiefferiella claripennis group","USFS","PIBO",NA,NA,NA,NA,NA,NA
"447","Eukiefferiella coerulescens group","BLM","AIM PIBO OE",NA,NA,NA,NA,NA,NA
"448","Eukiefferiella coerulescens group","BLM","AIM WW OE",NA,NA,NA,NA,NA,NA
"449","Eukiefferiella coerulescens group","USFS","PIBO",NA,NA,NA,NA,NA,NA
"450","Eukiefferiella devonica group","BLM","AIM PIBO OE",NA,NA,NA,NA,NA,NA
"451","Eukiefferiella devonica group","BLM","AIM WW OE",NA,NA,NA,NA,NA,NA
"452","Eukiefferiella devonica group","USFS","PIBO",NA,NA,NA,NA,NA,NA
"453","Eukiefferiella discoloripes group","BLM","AIM WW OE",NA,NA,NA,NA,NA,NA
"454","Eukiefferiella discoloripes group","BLM","AIM PIBO OE",NA,NA,NA,NA,NA,NA
"455","Eukiefferiella discoloripes group","USFS","PIBO",NA,NA,NA,NA,NA,NA
"456","Eukiefferiella gracei group","BLM","AIM PIBO OE",NA,NA,NA,NA,NA,NA
"457","Eukiefferiella gracei group","BLM","AIM WW OE",NA,NA,NA,NA,NA,NA
"458","Eukiefferiella gracei group","USFS","PIBO",NA,NA,NA,NA,NA,NA
"459","Eukiefferiella pseudomontana group","BLM","AIM PIBO OE",NA,NA,NA,NA,NA,NA
"460","Eukiefferiella pseudomontana group","BLM","AIM WW OE",NA,NA,NA,NA,NA,NA
"461","Eukiefferiella pseudomontana group","USFS","PIBO",NA,NA,NA,NA,NA,NA
"462","Euparyphus","BLM","AIM WW OE",NA,NA,NA,NA,NA,NA
"463","Euparyphus","USFS","PIBO",NA,NA,NA,NA,NA,NA
"464","Eylais","BLM","AIM PIBO OE",NA,NA,NA,NA,NA,NA
"465","Eylais","BLM","AIM WW OE",NA,NA,NA,NA,NA,NA
"466","Eylais","USFS","PIBO",NA,NA,NA,NA,NA,NA
"467","Fallceon","BLM","AIM WW OE",NA,NA,NA,NA,NA,NA
"468","Fallceon","USFS","PIBO",NA,NA,NA,NA,NA,NA
"469","Fallceon quilleri","USFS","PIBO",NA,NA,NA,NA,NA,NA
"470","Farula","USFS","PIBO",NA,NA,NA,NA,NA,NA
"471","Farula/Neothremma","USFS","PIBO",NA,NA,NA,NA,NA,NA
"472","Ferrissia rivularis","BLM","AIM WW OE",NA,NA,NA,NA,NA,NA
"473","Ferrissia rivularis","USFS","PIBO",NA,NA,NA,NA,NA,NA
"474","Fluminicola","BLM","AIM PIBO OE",NA,NA,NA,NA,NA,NA
"475","Fluminicola","BLM","AIM WW OE",NA,NA,NA,NA,NA,NA
"476","Fluminicola","USFS","PIBO",NA,NA,NA,NA,NA,NA
"477","Forcipomyia","BLM","AIM WW OE",NA,NA,NA,NA,NA,NA
"478","Forcipomyia","BLM","AIM PIBO OE",NA,NA,NA,NA,NA,NA
"479","Forcipomyia","USFS","PIBO",NA,NA,NA,NA,NA,NA
"480","Gammarus","BLM","AIM WW OE",NA,NA,NA,NA,NA,NA
"481","Gammarus","USFS","PIBO",NA,NA,NA,NA,NA,NA
"482","Gammarus lacustris","USFS","PIBO",NA,NA,NA,NA,NA,NA
"483","Gastropoda","USFS","PIBO",NA,NA,NA,NA,NA,NA
"484","Gerridae","USFS","PIBO",NA,NA,NA,NA,NA,NA
"485","Gerris","USFS","PIBO",NA,NA,NA,NA,NA,NA
"486","Glossiphoniidae","USFS","PIBO",NA,NA,NA,NA,NA,NA
"487","Glossosoma","USFS","PIBO","T",432,10,"moderately fine sediment sensitive","Relyea et al. 2012 Table 2",""
"488","Glossosoma","BLM","AIM PIBO OE","T",432,10,"moderately fine sediment sensitive","Relyea et al. 2012 Table 2",""
"489","Glossosoma","BLM","AIM WW OE","T",432,10,"moderately fine sediment sensitive","Relyea et al. 2012 Table 2",""
"490","Glossosomatidae","USFS","PIBO",NA,NA,NA,NA,NA,NA
"491","Glutops","BLM","AIM WW OE","D",189,5,"slightly fine sediment sensitive","Relyea 2007 Table 4",""
"492","Glutops","USFS","PIBO","D",189,5,"slightly fine sediment sensitive","Relyea 2007 Table 4",""
"493","Glutops","BLM","AIM PIBO OE","D",189,5,"slightly fine sediment sensitive","Relyea 2007 Table 4",""
"494","Gomphidae","BLM","AIM WW OE",NA,NA,NA,NA,NA,NA
"495","Gomphidae","USFS","PIBO",NA,NA,NA,NA,NA,NA
"496","Gomphus","USFS","PIBO",NA,NA,NA,NA,NA,NA
"497","Gumaga","BLM","AIM PIBO OE",NA,NA,NA,NA,NA,NA
"498","Gumaga","USFS","PIBO",NA,NA,NA,NA,NA,NA
"499","Gyraulus","BLM","AIM PIBO OE",NA,NA,NA,NA,NA,NA
"500","Gyraulus","BLM","AIM WW OE",NA,NA,NA,NA,NA,NA
"501","Gyraulus","USFS","PIBO",NA,NA,NA,NA,NA,NA
"502","Gyraulus circumstriatus","USFS","PIBO",NA,NA,NA,NA,NA,NA
"503","Haliplidae","USFS","PIBO",NA,NA,NA,NA,NA,NA
"504","Haliplus","USFS","PIBO",NA,NA,NA,NA,NA,NA
"505","Heleniella","BLM","AIM PIBO OE",NA,NA,NA,NA,NA,NA
"506","Heleniella","BLM","AIM WW OE",NA,NA,NA,NA,NA,NA
"507","Heleniella","USFS","PIBO",NA,NA,NA,NA,NA,NA
"508","Helichus","USFS","PIBO",NA,NA,NA,NA,NA,NA
"509","Helichus","BLM","AIM WW OE",NA,NA,NA,NA,NA,NA
"510","Helicopsyche","USFS","PIBO",NA,NA,NA,NA,NA,NA
"511","Helicopsyche","BLM","AIM WW OE",NA,NA,NA,NA,NA,NA
"512","Helicopsyche borealis","USFS","PIBO",NA,NA,NA,NA,NA,NA
"513","Helobdella stagnalis","BLM","AIM WW OE",NA,NA,NA,NA,NA,NA
"514","Helobdella stagnalis","USFS","PIBO",NA,NA,NA,NA,NA,NA
"515","Helodon","BLM","AIM PIBO OE",NA,NA,NA,NA,NA,NA
"516","Helodon","BLM","AIM WW OE",NA,NA,NA,NA,NA,NA
"517","Helodon","USFS","PIBO",NA,NA,NA,NA,NA,NA
"518","Helodon onychodactylum group","USFS","PIBO",NA,NA,NA,NA,NA,NA
"519","Helophorus","BLM","AIM WW OE",NA,NA,NA,NA,NA,NA
"520","Helophorus","BLM","AIM PIBO OE",NA,NA,NA,NA,NA,NA
"521","Helophorus","USFS","PIBO",NA,NA,NA,NA,NA,NA
"522","Hemerodromia","BLM","AIM PIBO OE",NA,NA,NA,NA,NA,NA
"523","Hemerodromia","BLM","AIM WW OE",NA,NA,NA,NA,NA,NA
"524","Hemerodromia","USFS","PIBO",NA,NA,NA,NA,NA,NA
"525","Hemiptera (terrestrial)","USFS","PIBO",NA,NA,NA,NA,NA,NA
"526","Heptagenia","BLM","AIM WW OE",NA,NA,NA,NA,NA,NA
"527","Heptagenia","USFS","PIBO",NA,NA,NA,NA,NA,NA
"528","Heptageniidae","USFS","PIBO",NA,NA,NA,NA,NA,NA
"529","Hesperoconopa","BLM","AIM WW OE","D",50,15,"very fine sediment sensitive","Relyea et al. 2012 Table 2",""
"530","Hesperoconopa","USFS","PIBO","D",50,15,"very fine sediment sensitive","Relyea et al. 2012 Table 2",""
"531","Hesperoconopa","BLM","AIM PIBO OE","D",50,15,"very fine sediment sensitive","Relyea et al. 2012 Table 2",""
"532","Hesperoperla","USFS","PIBO",NA,NA,NA,NA,NA,NA
"533","Hesperoperla pacifica","BLM","AIM WW OE","P",248,15,"very fine sediment sensitive","Relyea et al. 2012 Table 2",""
"534","Hesperoperla pacifica","BLM","AIM PIBO OE","P",248,15,"very fine sediment sensitive","Relyea et al. 2012 Table 2",""
"535","Hesperoperla pacifica","USFS","PIBO","P",248,15,"very fine sediment sensitive","Relyea et al. 2012 Table 2",""
"536","Hesperophylax","BLM","AIM WW OE",NA,NA,NA,NA,NA,NA
"537","Hesperophylax","USFS","PIBO",NA,NA,NA,NA,NA,NA
"538","Hetaerina americana","USFS","PIBO",NA,NA,NA,NA,NA,NA
"539","Heterelmis","USFS","PIBO",NA,NA,NA,NA,NA,NA
"540","Heterlimnius","USFS","PIBO","C",584,5,"slightly fine sediment sensitive","Relyea et al. 2012 Table 2",""
"541","Heterlimnius","BLM","AIM WW OE","C",584,5,"slightly fine sediment sensitive","Relyea et al. 2012 Table 2",""
"542","Heterlimnius","BLM","AIM PIBO OE","C",584,5,"slightly fine sediment sensitive","Relyea et al. 2012 Table 2",""
"543","Heterlimnius corpulentus","BLM","AIM PIBO OE","C",175,5,"slightly fine sediment sensitive","Relyea 2007 Table 4",""
"544","Heterlimnius corpulentus","USFS","PIBO","C",175,5,"slightly fine sediment sensitive","Relyea 2007 Table 4",""
"545","Heterlimnius corpulentus","BLM","AIM WW OE","C",175,5,"slightly fine sediment sensitive","Relyea 2007 Table 4",""
"546","Heteroptera","USFS","PIBO",NA,NA,NA,NA,NA,NA
"547","Heterotrissocladius marcidus group","BLM","AIM PIBO OE",NA,NA,NA,NA,NA,NA
"548","Heterotrissocladius marcidus group","BLM","AIM WW OE",NA,NA,NA,NA,NA,NA
"549","Heterotrissocladius marcidus group","USFS","PIBO",NA,NA,NA,NA,NA,NA
"550","Hexatoma","BLM","AIM PIBO OE",NA,NA,NA,NA,NA,NA
"551","Hexatoma","BLM","AIM WW OE",NA,NA,NA,NA,NA,NA
"552","Hexatoma","USFS","PIBO",NA,NA,NA,NA,NA,NA
"553","Hirudinea","USFS","PIBO",NA,NA,NA,NA,NA,NA
"554","Homophylax","BLM","AIM PIBO OE",NA,NA,NA,NA,NA,NA
"555","Homophylax","BLM","AIM WW OE",NA,NA,NA,NA,NA,NA
"556","Homophylax","USFS","PIBO",NA,NA,NA,NA,NA,NA
"557","Hyalella","BLM","AIM WW OE",NA,NA,NA,NA,NA,NA
"558","Hyalella","USFS","PIBO",NA,NA,NA,NA,NA,NA
"559","Hyalella azteca","USFS","PIBO",NA,NA,NA,NA,NA,NA
"560","Hydraena","BLM","AIM PIBO OE",NA,NA,NA,NA,NA,NA
"561","Hydraena","BLM","AIM WW OE",NA,NA,NA,NA,NA,NA
"562","Hydraena","USFS","PIBO",NA,NA,NA,NA,NA,NA
"563","Hydraenidae","USFS","PIBO",NA,NA,NA,NA,NA,NA
"564","Hydridae","USFS","PIBO",NA,NA,NA,NA,NA,NA
"565","Hydrobaenus","BLM","AIM PIBO OE",NA,NA,NA,NA,NA,NA
"566","Hydrobaenus","BLM","AIM WW OE",NA,NA,NA,NA,NA,NA
"567","Hydrobaenus","USFS","PIBO",NA,NA,NA,NA,NA,NA
"568","Hydrobiidae","BLM","AIM PIBO OE",NA,NA,NA,NA,NA,NA
"569","Hydrobiidae","BLM","AIM WW OE",NA,NA,NA,NA,NA,NA
"570","Hydrobiidae","USFS","PIBO",NA,NA,NA,NA,NA,NA
"571","Hydrobius","USFS","PIBO",NA,NA,NA,NA,NA,NA
"572","Hydrochus","USFS","PIBO",NA,NA,NA,NA,NA,NA
"573","Hydrophilidae","USFS","PIBO",NA,NA,NA,NA,NA,NA
"574","Hydroporinae","USFS","PIBO",NA,NA,NA,NA,NA,NA
"575","Hydroporus","USFS","PIBO",NA,NA,NA,NA,NA,NA
"576","Hydropsyche","BLM","AIM PIBO OE",NA,NA,NA,NA,NA,NA
"577","Hydropsyche","BLM","AIM WW OE",NA,NA,NA,NA,NA,NA
"578","Hydropsyche","USFS","PIBO",NA,NA,NA,NA,NA,NA
"579","Hydropsychidae","USFS","PIBO",NA,NA,NA,NA,NA,NA
"580","Hydroptila","BLM","AIM PIBO OE",NA,NA,NA,NA,NA,NA
"581","Hydroptila","BLM","AIM WW OE",NA,NA,NA,NA,NA,NA
"582","Hydroptila","USFS","PIBO",NA,NA,NA,NA,NA,NA
"583","Hydroptilidae","BLM","AIM PIBO OE",NA,NA,NA,NA,NA,NA
"584","Hydroptilidae","USFS","PIBO",NA,NA,NA,NA,NA,NA
"585","Hydroscaphidae","USFS","PIBO",NA,NA,NA,NA,NA,NA
"586","Hydrosmittia","BLM","AIM PIBO OE",NA,NA,NA,NA,NA,NA
"587","Hydrosmittia","BLM","AIM WW OE",NA,NA,NA,NA,NA,NA
"588","Hydrosmittia","USFS","PIBO",NA,NA,NA,NA,NA,NA
"589","Hydryphantidae","USFS","PIBO",NA,NA,NA,NA,NA,NA
"590","Hygrobates","BLM","AIM WW OE",NA,NA,NA,NA,NA,NA
"591","Hygrobates","BLM","AIM PIBO OE",NA,NA,NA,NA,NA,NA
"592","Hygrobates","USFS","PIBO",NA,NA,NA,NA,NA,NA
"593","Hygrobatidae","BLM","AIM WW OE",NA,NA,NA,NA,NA,NA
"594","Hygrobatidae","BLM","AIM PIBO OE",NA,NA,NA,NA,NA,NA
"595","Hygrobatidae","USFS","PIBO",NA,NA,NA,NA,NA,NA
"596","Hygrotus","USFS","PIBO",NA,NA,NA,NA,NA,NA
"597","Ironodes","BLM","AIM PIBO OE","E",39,5,"slightly fine sediment sensitive","Relyea et al. 2012 Table 2",""
"598","Ironodes","USFS","PIBO","E",39,5,"slightly fine sediment sensitive","Relyea et al. 2012 Table 2",""
"599","Ironodes","BLM","AIM WW OE","E",39,5,"slightly fine sediment sensitive","Relyea et al. 2012 Table 2",""
"600","Ironodes nitidus","BLM","AIM WW OE",NA,NA,NA,NA,NA,NA
"601","Ironodes nitidus","USFS","PIBO",NA,NA,NA,NA,NA,NA
"602","Ischnura","BLM","AIM WW OE",NA,NA,NA,NA,NA,NA
"603","Ischnura","USFS","PIBO",NA,NA,NA,NA,NA,NA
"604","Isogenoides","BLM","AIM PIBO OE",NA,NA,NA,NA,NA,NA
"605","Isogenoides","BLM","AIM WW OE",NA,NA,NA,NA,NA,NA
"606","Isogenoides","USFS","PIBO",NA,NA,NA,NA,NA,NA
"607","Isoperla","BLM","AIM PIBO OE",NA,NA,NA,NA,NA,NA
"608","Isoperla","BLM","AIM WW OE",NA,NA,NA,NA,NA,NA
"609","Isoperla","USFS","PIBO",NA,NA,NA,NA,NA,NA
"610","Juga bulbosa","USFS","PIBO",NA,NA,NA,NA,NA,NA
"611","Kathroperla","BLM","AIM PIBO OE",NA,NA,NA,NA,NA,NA
"612","Kathroperla","USFS","PIBO",NA,NA,NA,NA,NA,NA
"613","Kathroperla perdita","USFS","PIBO",NA,NA,NA,NA,NA,NA
"614","Kathroperla/Paraperla","USFS","PIBO",NA,NA,NA,NA,NA,NA
"615","Kogotus","BLM","AIM PIBO OE","P",39,15,"very fine sediment sensitive","Relyea et al. 2012 Table 2",""
"616","Kogotus","USFS","PIBO","P",39,15,"very fine sediment sensitive","Relyea et al. 2012 Table 2",""
"617","Kogotus","BLM","AIM WW OE","P",39,15,"very fine sediment sensitive","Relyea et al. 2012 Table 2",""
"618","Kogotus/Rickera","USFS","PIBO",NA,NA,NA,NA,NA,NA
"619","Krenosmittia","BLM","AIM WW OE",NA,NA,NA,NA,NA,NA
"620","Krenosmittia","USFS","PIBO",NA,NA,NA,NA,NA,NA
"621","Laccobius","USFS","PIBO",NA,NA,NA,NA,NA,NA
"622","Laccobius","BLM","AIM WW OE",NA,NA,NA,NA,NA,NA
"623","Lara","BLM","AIM WW OE",NA,NA,NA,NA,NA,NA
"624","Lara","BLM","AIM PIBO OE",NA,NA,NA,NA,NA,NA
"625","Lara","USFS","PIBO",NA,NA,NA,NA,NA,NA
"626","Lara avara","BLM","AIM PIBO OE",NA,NA,NA,NA,NA,NA
"627","Lara avara","BLM","AIM WW OE",NA,NA,NA,NA,NA,NA
"628","Lara avara","USFS","PIBO",NA,NA,NA,NA,NA,NA
"629","Larsia","BLM","AIM PIBO OE",NA,NA,NA,NA,NA,NA
"630","Larsia","BLM","AIM WW OE",NA,NA,NA,NA,NA,NA
"631","Larsia","USFS","PIBO",NA,NA,NA,NA,NA,NA
"632","Lebertia","BLM","AIM PIBO OE",NA,NA,NA,NA,NA,NA
"633","Lebertia","BLM","AIM WW OE",NA,NA,NA,NA,NA,NA
"634","Lebertia","USFS","PIBO",NA,NA,NA,NA,NA,NA
"635","Lepidostoma","BLM","AIM PIBO OE",NA,NA,NA,NA,NA,NA
"636","Lepidostoma","BLM","AIM WW OE",NA,NA,NA,NA,NA,NA
"637","Lepidostoma","USFS","PIBO",NA,NA,NA,NA,NA,NA
"638","Lepidostoma cinereum","USFS","PIBO",NA,NA,NA,NA,NA,NA
"639","Lepidostoma unicolor group","USFS","PIBO",NA,NA,NA,NA,NA,NA
"640","Lepidostomatidae","USFS","PIBO",NA,NA,NA,NA,NA,NA
"641","Leptoceridae","USFS","PIBO",NA,NA,NA,NA,NA,NA
"642","Leptophlebia","BLM","AIM WW OE",NA,NA,NA,NA,NA,NA
"643","Leptophlebia","USFS","PIBO",NA,NA,NA,NA,NA,NA
"644","Leptophlebiidae","BLM","AIM WW OE",NA,NA,NA,NA,NA,NA
"645","Leptophlebiidae","USFS","PIBO",NA,NA,NA,NA,NA,NA
"646","Leucotrichia","USFS","PIBO",NA,NA,NA,NA,NA,NA
"647","Leucotrichia pictipes","BLM","AIM PIBO OE",NA,NA,NA,NA,NA,NA
"648","Leucotrichia pictipes","BLM","AIM WW OE",NA,NA,NA,NA,NA,NA
"649","Leucotrichia pictipes","USFS","PIBO",NA,NA,NA,NA,NA,NA
"650","Leucrocuta","USFS","PIBO",NA,NA,NA,NA,NA,NA
"651","Leuctridae","BLM","AIM PIBO OE",NA,NA,NA,NA,NA,NA
"652","Leuctridae","BLM","AIM WW OE",NA,NA,NA,NA,NA,NA
"653","Leuctridae","USFS","PIBO",NA,NA,NA,NA,NA,NA
"654","Libellulidae","BLM","AIM WW OE",NA,NA,NA,NA,NA,NA
"655","Libellulidae","USFS","PIBO",NA,NA,NA,NA,NA,NA
"656","Limnephilidae","USFS","PIBO",NA,NA,NA,NA,NA,NA
"657","Limnephilus","USFS","PIBO",NA,NA,NA,NA,NA,NA
"658","Limnesia","USFS","PIBO",NA,NA,NA,NA,NA,NA
"659","Limnophila","BLM","AIM PIBO OE",NA,NA,NA,NA,NA,NA
"660","Limnophila","BLM","AIM WW OE",NA,NA,NA,NA,NA,NA
"661","Limnophila","USFS","PIBO",NA,NA,NA,NA,NA,NA
"662","Limnophora","USFS","PIBO",NA,NA,NA,NA,NA,NA
"663","Limnophyes","BLM","AIM PIBO OE",NA,NA,NA,NA,NA,NA
"664","Limnophyes","BLM","AIM WW OE",NA,NA,NA,NA,NA,NA
"665","Limnophyes","USFS","PIBO",NA,NA,NA,NA,NA,NA
"666","Limnoporus","USFS","PIBO",NA,NA,NA,NA,NA,NA
"667","Limonia","BLM","AIM WW OE",NA,NA,NA,NA,NA,NA
"668","Limonia","USFS","PIBO",NA,NA,NA,NA,NA,NA
"669","Liodessus","BLM","AIM WW OE",NA,NA,NA,NA,NA,NA
"670","Liodessus","USFS","PIBO",NA,NA,NA,NA,NA,NA
"671","Liodessus obscurellus","BLM","AIM WW OE",NA,NA,NA,NA,NA,NA
"672","Liodessus obscurellus","USFS","PIBO",NA,NA,NA,NA,NA,NA
"673","Lopescladius","BLM","AIM PIBO OE",NA,NA,NA,NA,NA,NA
"674","Lopescladius","BLM","AIM WW OE",NA,NA,NA,NA,NA,NA
"675","Lopescladius","USFS","PIBO",NA,NA,NA,NA,NA,NA
"676","Lumbriculata","USFS","PIBO",NA,NA,NA,NA,NA,NA
"677","Lymnaea","BLM","AIM WW OE",NA,NA,NA,NA,NA,NA
"678","Lymnaea","USFS","PIBO",NA,NA,NA,NA,NA,NA
"679","Lymnaeidae","USFS","PIBO",NA,NA,NA,NA,NA,NA
"680","Malenka","BLM","AIM WW OE",NA,NA,NA,NA,NA,NA
"681","Malenka","BLM","AIM PIBO OE",NA,NA,NA,NA,NA,NA
"682","Malenka","USFS","PIBO",NA,NA,NA,NA,NA,NA
"683","Margaritifera falcata","USFS","PIBO",NA,NA,NA,NA,NA,NA
"684","Maruina","BLM","AIM WW OE",NA,NA,NA,NA,NA,NA
"685","Maruina","BLM","AIM PIBO OE",NA,NA,NA,NA,NA,NA
"686","Maruina","USFS","PIBO",NA,NA,NA,NA,NA,NA
"687","Matriella teresa","USFS","PIBO","E",31,5,"slightly fine sediment sensitive","Relyea et al. 2012 Table 2",""
"688","Mayatrichia","BLM","AIM PIBO OE",NA,NA,NA,NA,NA,NA
"689","Mayatrichia","BLM","AIM WW OE",NA,NA,NA,NA,NA,NA
"690","Mayatrichia","USFS","PIBO",NA,NA,NA,NA,NA,NA
"691","Mayatrichia/Neotrichia","BLM","AIM PIBO OE",NA,NA,NA,NA,NA,NA
"692","Mayatrichia/Neotrichia","USFS","PIBO",NA,NA,NA,NA,NA,NA
"693","Megaloptera","USFS","PIBO",NA,NA,NA,NA,NA,NA
"694","Megarcys","USFS","PIBO","P",220,20,"extremely fine sediment sensitive","Relyea et al. 2012 Table 2",""
"695","Megarcys","BLM","AIM PIBO OE","P",220,20,"extremely fine sediment sensitive","Relyea et al. 2012 Table 2",""
"696","Megarcys","BLM","AIM WW OE","P",220,20,"extremely fine sediment sensitive","Relyea et al. 2012 Table 2",""
"697","Megarcys signata","BLM","AIM PIBO OE",NA,NA,NA,NA,NA,NA
"698","Megarcys signata","BLM","AIM WW OE",NA,NA,NA,NA,NA,NA
"699","Megarcys signata","USFS","PIBO",NA,NA,NA,NA,NA,NA
"700","Meringodixa","USFS","PIBO",NA,NA,NA,NA,NA,NA
"701","Meringodixa chalonensis","BLM","AIM PIBO OE",NA,NA,NA,NA,NA,NA
"702","Meringodixa chalonensis","BLM","AIM WW OE",NA,NA,NA,NA,NA,NA
"703","Meringodixa chalonensis","USFS","PIBO",NA,NA,NA,NA,NA,NA
"704","Metacnephia","USFS","PIBO",NA,NA,NA,NA,NA,NA
"705","Micrasema","BLM","AIM PIBO OE",NA,NA,NA,NA,NA,NA
"706","Micrasema","BLM","AIM WW OE",NA,NA,NA,NA,NA,NA
"707","Micrasema","USFS","PIBO",NA,NA,NA,NA,NA,NA
"708","Microcylloepus pusillus","BLM","AIM PIBO OE",NA,NA,NA,NA,NA,NA
"709","Microcylloepus pusillus","BLM","AIM WW OE",NA,NA,NA,NA,NA,NA
"710","Microcylloepus pusillus","USFS","PIBO",NA,NA,NA,NA,NA,NA
"711","Microcylloepus similis","USFS","PIBO",NA,NA,NA,NA,NA,NA
"712","Micropsectra","BLM","AIM PIBO OE",NA,NA,NA,NA,NA,NA
"713","Micropsectra","BLM","AIM WW OE",NA,NA,NA,NA,NA,NA
"714","Micropsectra","USFS","PIBO",NA,NA,NA,NA,NA,NA
"715","Microtendipes pedellus group","BLM","AIM PIBO OE",NA,NA,NA,NA,NA,NA
"716","Microtendipes pedellus group","BLM","AIM WW OE",NA,NA,NA,NA,NA,NA
"717","Microtendipes pedellus group","USFS","PIBO",NA,NA,NA,NA,NA,NA
"718","Microtendipes rydalensis group","BLM","AIM WW OE",NA,NA,NA,NA,NA,NA
"719","Microtendipes rydalensis group","USFS","PIBO",NA,NA,NA,NA,NA,NA
"720","Mideopsis","BLM","AIM PIBO OE",NA,NA,NA,NA,NA,NA
"721","Mideopsis","BLM","AIM WW OE",NA,NA,NA,NA,NA,NA
"722","Mideopsis","USFS","PIBO",NA,NA,NA,NA,NA,NA
"723","Molophilus","BLM","AIM WW OE",NA,NA,NA,NA,NA,NA
"724","Molophilus","USFS","PIBO",NA,NA,NA,NA,NA,NA
"725","Monodiamesa","USFS","PIBO",NA,NA,NA,NA,NA,NA
"726","Muscidae","BLM","AIM WW OE",NA,NA,NA,NA,NA,NA
"727","Muscidae","USFS","PIBO",NA,NA,NA,NA,NA,NA
"728","Musculium","USFS","PIBO",NA,NA,NA,NA,NA,NA
"729","Myxosargus","USFS","PIBO",NA,NA,NA,NA,NA,NA
"730","Nanocladius","BLM","AIM PIBO OE",NA,NA,NA,NA,NA,NA
"731","Nanocladius","BLM","AIM WW OE",NA,NA,NA,NA,NA,NA
"732","Nanocladius","USFS","PIBO",NA,NA,NA,NA,NA,NA
"733","Narpus","USFS","PIBO","C",164,5,"slightly fine sediment sensitive","Relyea 2007 Table 4",""
"734","Narpus","BLM","AIM WW OE","C",164,5,"slightly fine sediment sensitive","Relyea 2007 Table 4",""
"735","Narpus","BLM","AIM PIBO OE","C",164,5,"slightly fine sediment sensitive","Relyea 2007 Table 4",""
"736","Narpus concolor","USFS","PIBO","C",52,5,"slightly fine sediment sensitive","Relyea et al. 2012 Table 2",""
"737","Narpus concolor","BLM","AIM WW OE","C",52,5,"slightly fine sediment sensitive","Relyea et al. 2012 Table 2",""
"738","Narpus concolor","BLM","AIM PIBO OE","C",52,5,"slightly fine sediment sensitive","Relyea et al. 2012 Table 2",""
"739","Nectopsyche","BLM","AIM WW OE",NA,NA,NA,NA,NA,NA
"740","Nectopsyche","USFS","PIBO",NA,NA,NA,NA,NA,NA
"741","Nematoda","USFS","PIBO",NA,NA,NA,NA,NA,NA
"742","Nematomorpha","BLM","AIM WW OE",NA,NA,NA,NA,NA,NA
"743","Nematomorpha","USFS","PIBO",NA,NA,NA,NA,NA,NA
"744","Nemotelus","BLM","AIM WW OE",NA,NA,NA,NA,NA,NA
"745","Nemotelus","USFS","PIBO",NA,NA,NA,NA,NA,NA
"746","Nemouridae","USFS","PIBO",NA,NA,NA,NA,NA,NA
"747","Neophylax","USFS","PIBO","T",184,10,"moderately fine sediment sensitive","Relyea et al. 2012 Table 2",""
"748","Neophylax","BLM","AIM WW OE","T",184,10,"moderately fine sediment sensitive","Relyea et al. 2012 Table 2",""
"749","Neophylax","BLM","AIM PIBO OE","T",184,10,"moderately fine sediment sensitive","Relyea et al. 2012 Table 2",""
"750","Neophylax occidentis","USFS","PIBO",NA,NA,NA,NA,NA,NA
"751","Neophylax rickeri","USFS","PIBO","T",27,10,"moderately fine sediment sensitive","Relyea 2007 Table 4",""
"752","Neophylax splendens","USFS","PIBO",NA,NA,NA,NA,NA,NA
"753","Neoplasta","BLM","AIM PIBO OE",NA,NA,NA,NA,NA,NA
"754","Neoplasta","BLM","AIM WW OE",NA,NA,NA,NA,NA,NA
"755","Neoplasta","USFS","PIBO",NA,NA,NA,NA,NA,NA
"756","Neothremma","BLM","AIM PIBO OE","T",188,10,"moderately fine sediment sensitive","Relyea et al. 2012 Table 2",""
"757","Neothremma","BLM","AIM WW OE","T",188,10,"moderately fine sediment sensitive","Relyea et al. 2012 Table 2",""
"758","Neothremma","USFS","PIBO","T",188,10,"moderately fine sediment sensitive","Relyea et al. 2012 Table 2",""
"759","Neotrichia","BLM","AIM WW OE",NA,NA,NA,NA,NA,NA
"760","Neotrichia","BLM","AIM PIBO OE",NA,NA,NA,NA,NA,NA
"761","Neotrichia","USFS","PIBO",NA,NA,NA,NA,NA,NA
"762","Nilotanypus","BLM","AIM PIBO OE",NA,NA,NA,NA,NA,NA
"763","Nilotanypus","BLM","AIM WW OE",NA,NA,NA,NA,NA,NA
"764","Nilotanypus","USFS","PIBO",NA,NA,NA,NA,NA,NA
"765","Ochrotrichia","BLM","AIM PIBO OE",NA,NA,NA,NA,NA,NA
"766","Ochrotrichia","BLM","AIM WW OE",NA,NA,NA,NA,NA,NA
"767","Ochrotrichia","USFS","PIBO",NA,NA,NA,NA,NA,NA
"768","Ochthebius","BLM","AIM WW OE",NA,NA,NA,NA,NA,NA
"769","Ochthebius","USFS","PIBO",NA,NA,NA,NA,NA,NA
"770","Odonata","USFS","PIBO",NA,NA,NA,NA,NA,NA
"771","Odontomesa","BLM","AIM WW OE",NA,NA,NA,NA,NA,NA
"772","Odontomesa","USFS","PIBO",NA,NA,NA,NA,NA,NA
"773","Odontomyia","USFS","PIBO",NA,NA,NA,NA,NA,NA
"774","Oecetis","BLM","AIM WW OE",NA,NA,NA,NA,NA,NA
"775","Oecetis","USFS","PIBO",NA,NA,NA,NA,NA,NA
"776","Oecetis disjuncta","USFS","PIBO",NA,NA,NA,NA,NA,NA
"777","Oligochaeta","BLM","AIM PIBO OE",NA,NA,NA,NA,NA,NA
"778","Oligochaeta","BLM","AIM WW OE",NA,NA,NA,NA,NA,NA
"779","Oligochaeta","USFS","PIBO",NA,NA,NA,NA,NA,NA
"780","Oligophlebodes","BLM","AIM PIBO OE","T",107,20,"extremely fine sediment sensitive","Relyea et al. 2012 Table 2",""
"781","Oligophlebodes","BLM","AIM WW OE","T",107,20,"extremely fine sediment sensitive","Relyea et al. 2012 Table 2",""
"782","Oligophlebodes","USFS","PIBO","T",107,20,"extremely fine sediment sensitive","Relyea et al. 2012 Table 2",""
"783","Onocosmoecus","USFS","PIBO",NA,NA,NA,NA,NA,NA
"784","Onocosmoecus unicolor","BLM","AIM PIBO OE",NA,NA,NA,NA,NA,NA
"785","Onocosmoecus unicolor","USFS","PIBO",NA,NA,NA,NA,NA,NA
"786","Onocosmoecus unicolor","BLM","AIM WW OE",NA,NA,NA,NA,NA,NA
"787","Ophiogomphus","BLM","AIM WW OE",NA,NA,NA,NA,NA,NA
"788","Ophiogomphus","USFS","PIBO",NA,NA,NA,NA,NA,NA
"789","Ophiogomphus severus","BLM","AIM WW OE",NA,NA,NA,NA,NA,NA
"790","Ophiogomphus severus","USFS","PIBO",NA,NA,NA,NA,NA,NA
"791","Optioservus","BLM","AIM PIBO OE",NA,NA,NA,NA,NA,NA
"792","Optioservus","BLM","AIM WW OE",NA,NA,NA,NA,NA,NA
"793","Optioservus","USFS","PIBO",NA,NA,NA,NA,NA,NA
"794","Optioservus divergens","BLM","AIM WW OE",NA,NA,NA,NA,NA,NA
"795","Optioservus divergens","BLM","AIM PIBO OE",NA,NA,NA,NA,NA,NA
"796","Optioservus divergens","USFS","PIBO",NA,NA,NA,NA,NA,NA
"797","Optioservus quadrimaculatus","BLM","AIM PIBO OE",NA,NA,NA,NA,NA,NA
"798","Optioservus quadrimaculatus","BLM","AIM WW OE",NA,NA,NA,NA,NA,NA
"799","Optioservus quadrimaculatus","USFS","PIBO",NA,NA,NA,NA,NA,NA
"800","Ordobrevia nubifer","BLM","AIM PIBO OE",NA,NA,NA,NA,NA,NA
"801","Ordobrevia nubifer","BLM","AIM WW OE",NA,NA,NA,NA,NA,NA
"802","Ordobrevia nubifer","USFS","PIBO",NA,NA,NA,NA,NA,NA
"803","Oreodytes","BLM","AIM WW OE",NA,NA,NA,NA,NA,NA
"804","Oreodytes","BLM","AIM PIBO OE",NA,NA,NA,NA,NA,NA
"805","Oreodytes","USFS","PIBO",NA,NA,NA,NA,NA,NA
"806","Oreogeton","BLM","AIM PIBO OE","D",46,10,"moderately fine sediment sensitive","Relyea et al. 2012 Table 2",""
"807","Oreogeton","BLM","AIM WW OE","D",46,10,"moderately fine sediment sensitive","Relyea et al. 2012 Table 2",""
"808","Oreogeton","USFS","PIBO","D",46,10,"moderately fine sediment sensitive","Relyea et al. 2012 Table 2",""
"809","Oreoleptis torrenticola","USFS","PIBO",NA,NA,NA,NA,NA,NA
"810","Ormosia","USFS","PIBO",NA,NA,NA,NA,NA,NA
"811","Orthocladiinae","BLM","AIM PIBO OE",NA,NA,NA,NA,NA,NA
"812","Orthocladiinae","BLM","AIM WW OE",NA,NA,NA,NA,NA,NA
"813","Orthocladiinae","USFS","PIBO",NA,NA,NA,NA,NA,NA
"814","Orthocladiini/Metriocnemini","BLM","AIM PIBO OE",NA,NA,NA,NA,NA,NA
"815","Orthocladiini/Metriocnemini","BLM","AIM WW OE",NA,NA,NA,NA,NA,NA
"816","Orthocladiini/Metriocnemini","USFS","PIBO",NA,NA,NA,NA,NA,NA
"817","Orthocladius","BLM","AIM PIBO OE",NA,NA,NA,NA,NA,NA
"818","Orthocladius","BLM","AIM WW OE",NA,NA,NA,NA,NA,NA
"819","Orthocladius","USFS","PIBO",NA,NA,NA,NA,NA,NA
"820","Orthocladius lignicola","BLM","AIM PIBO OE",NA,NA,NA,NA,NA,NA
"821","Orthocladius lignicola","BLM","AIM WW OE",NA,NA,NA,NA,NA,NA
"822","Orthocladius lignicola","USFS","PIBO",NA,NA,NA,NA,NA,NA
"823","Ostracoda","USFS","PIBO",NA,NA,NA,NA,NA,NA
"824","Oxus","BLM","AIM PIBO OE",NA,NA,NA,NA,NA,NA
"825","Oxus","USFS","PIBO",NA,NA,NA,NA,NA,NA
"826","Oxus","BLM","AIM WW OE",NA,NA,NA,NA,NA,NA
"827","Oxyethira","BLM","AIM PIBO OE",NA,NA,NA,NA,NA,NA
"828","Oxyethira","BLM","AIM WW OE",NA,NA,NA,NA,NA,NA
"829","Oxyethira","USFS","PIBO",NA,NA,NA,NA,NA,NA
"830","Pacifastacus","USFS","PIBO",NA,NA,NA,NA,NA,NA
"831","Pacifastacus connectens","BLM","AIM PIBO OE",NA,NA,NA,NA,NA,NA
"832","Pacifastacus connectens","BLM","AIM WW OE",NA,NA,NA,NA,NA,NA
"833","Pacifastacus leniusculus","BLM","AIM WW OE",NA,NA,NA,NA,NA,NA
"834","Pacifastacus leniusculus","BLM","AIM PIBO OE",NA,NA,NA,NA,NA,NA
"835","Pacifastacus leniusculus","USFS","PIBO",NA,NA,NA,NA,NA,NA
"836","Pagastia","BLM","AIM PIBO OE",NA,NA,NA,NA,NA,NA
"837","Pagastia","BLM","AIM WW OE",NA,NA,NA,NA,NA,NA
"838","Pagastia","USFS","PIBO",NA,NA,NA,NA,NA,NA
"839","Palaeagapetus","BLM","AIM PIBO OE",NA,NA,NA,NA,NA,NA
"840","Palaeagapetus","USFS","PIBO",NA,NA,NA,NA,NA,NA
"841","Panisus","USFS","PIBO",NA,NA,NA,NA,NA,NA
"842","Paracladopelma","BLM","AIM PIBO OE",NA,NA,NA,NA,NA,NA
"843","Paracladopelma","BLM","AIM WW OE",NA,NA,NA,NA,NA,NA
"844","Paracladopelma","USFS","PIBO",NA,NA,NA,NA,NA,NA
"845","Paracymus","BLM","AIM WW OE",NA,NA,NA,NA,NA,NA
"846","Paracymus","USFS","PIBO",NA,NA,NA,NA,NA,NA
"847","Parakiefferiella","BLM","AIM PIBO OE",NA,NA,NA,NA,NA,NA
"848","Parakiefferiella","BLM","AIM WW OE",NA,NA,NA,NA,NA,NA
"849","Parakiefferiella","USFS","PIBO",NA,NA,NA,NA,NA,NA
"850","Paraleptophlebia","BLM","AIM PIBO OE",NA,NA,NA,NA,NA,NA
"851","Paraleptophlebia","BLM","AIM WW OE",NA,NA,NA,NA,NA,NA
"852","Paraleptophlebia","USFS","PIBO",NA,NA,NA,NA,NA,NA
"853","Parametriocnemus","BLM","AIM PIBO OE",NA,NA,NA,NA,NA,NA
"854","Parametriocnemus","BLM","AIM WW OE",NA,NA,NA,NA,NA,NA
"855","Parametriocnemus","USFS","PIBO",NA,NA,NA,NA,NA,NA
"856","Paraperla","BLM","AIM PIBO OE","P",115,10,"moderately fine sediment sensitive","Relyea et al. 2012 Table 2",""
"857","Paraperla","BLM","AIM WW OE","P",115,10,"moderately fine sediment sensitive","Relyea et al. 2012 Table 2",""
"858","Paraperla","USFS","PIBO","P",115,10,"moderately fine sediment sensitive","Relyea et al. 2012 Table 2",""
"859","Parapsyche","BLM","AIM WW OE","T",522,5,"slightly fine sediment sensitive","Relyea et al. 2012 Table 2",""
"860","Parapsyche","BLM","AIM PIBO OE","T",522,5,"slightly fine sediment sensitive","Relyea et al. 2012 Table 2",""
"861","Parapsyche","USFS","PIBO","T",522,5,"slightly fine sediment sensitive","Relyea et al. 2012 Table 2",""
"862","Parapsyche almota","USFS","PIBO","T",49,5,"slightly fine sediment sensitive","Relyea 2007 Table 4",""
"863","Parapsyche elsis","BLM","AIM WW OE","T",194,5,"slightly fine sediment sensitive","Relyea 2007 Table 4",""
"864","Parapsyche elsis","USFS","PIBO","T",194,5,"slightly fine sediment sensitive","Relyea 2007 Table 4",""
"865","Parapsyche elsis","BLM","AIM PIBO OE","T",194,5,"slightly fine sediment sensitive","Relyea 2007 Table 4",""
"866","Paratanytarsus","BLM","AIM PIBO OE",NA,NA,NA,NA,NA,NA
"867","Paratanytarsus","BLM","AIM WW OE",NA,NA,NA,NA,NA,NA
"868","Paratanytarsus","USFS","PIBO",NA,NA,NA,NA,NA,NA
"869","Paratendipes","BLM","AIM PIBO OE",NA,NA,NA,NA,NA,NA
"870","Paratendipes","BLM","AIM WW OE",NA,NA,NA,NA,NA,NA
"871","Paratendipes","USFS","PIBO",NA,NA,NA,NA,NA,NA
"872","Parorthocladius","BLM","AIM PIBO OE",NA,NA,NA,NA,NA,NA
"873","Parorthocladius","BLM","AIM WW OE",NA,NA,NA,NA,NA,NA
"874","Parorthocladius","USFS","PIBO",NA,NA,NA,NA,NA,NA
"875","Pedicia","USFS","PIBO",NA,NA,NA,NA,NA,NA
"876","Pedicia","BLM","AIM PIBO OE",NA,NA,NA,NA,NA,NA
"877","Pedicia","BLM","AIM WW OE",NA,NA,NA,NA,NA,NA
"878","Pedomoecus sierra","USFS","PIBO",NA,NA,NA,NA,NA,NA
"879","Pelecypoda","USFS","PIBO",NA,NA,NA,NA,NA,NA
"880","Peltodytes","BLM","AIM WW OE",NA,NA,NA,NA,NA,NA
"881","Peltodytes","USFS","PIBO",NA,NA,NA,NA,NA,NA
"882","Peltoperlidae","BLM","AIM PIBO OE",NA,NA,NA,NA,NA,NA
"883","Peltoperlidae","USFS","PIBO",NA,NA,NA,NA,NA,NA
"884","Pentaneura","BLM","AIM PIBO OE",NA,NA,NA,NA,NA,NA
"885","Pentaneura","BLM","AIM WW OE",NA,NA,NA,NA,NA,NA
"886","Pentaneura","USFS","PIBO",NA,NA,NA,NA,NA,NA
"887","Pericoma","BLM","AIM PIBO OE",NA,NA,NA,NA,NA,NA
"888","Pericoma","BLM","AIM WW OE",NA,NA,NA,NA,NA,NA
"889","Pericoma","USFS","PIBO",NA,NA,NA,NA,NA,NA
"890","Perlidae","USFS","PIBO",NA,NA,NA,NA,NA,NA
"891","Perlinodes","USFS","PIBO",NA,NA,NA,NA,NA,NA
"892","Perlinodes aurea","BLM","AIM WW OE","P",30,20,"extremely fine sediment sensitive","Relyea et al. 2012 Table 2",""
"893","Perlinodes aurea","BLM","AIM PIBO OE","P",30,20,"extremely fine sediment sensitive","Relyea et al. 2012 Table 2",""
"894","Perlinodes aurea","USFS","PIBO","P",30,20,"extremely fine sediment sensitive","Relyea et al. 2012 Table 2",""
"895","Perlodidae","BLM","AIM WW OE",NA,NA,NA,NA,NA,NA
"896","Perlodidae","USFS","PIBO",NA,NA,NA,NA,NA,NA
"897","Perlomyia","USFS","PIBO",NA,NA,NA,NA,NA,NA
"898","Petrophila","BLM","AIM WW OE","L",47,10,"moderately fine sediment sensitive","Relyea et al. 2012 Table 2",""
"899","Petrophila","USFS","PIBO","L",47,10,"moderately fine sediment sensitive","Relyea et al. 2012 Table 2",""
"900","Phaenopsectra","BLM","AIM PIBO OE",NA,NA,NA,NA,NA,NA
"901","Phaenopsectra","BLM","AIM WW OE",NA,NA,NA,NA,NA,NA
"902","Phaenopsectra","USFS","PIBO",NA,NA,NA,NA,NA,NA
"903","Philopotamidae","USFS","PIBO",NA,NA,NA,NA,NA,NA
"904","Philorus","USFS","PIBO",NA,NA,NA,NA,NA,NA
"905","Phryganeidae","USFS","PIBO",NA,NA,NA,NA,NA,NA
"906","Physa","BLM","AIM WW OE",NA,NA,NA,NA,NA,NA
"907","Physa","USFS","PIBO",NA,NA,NA,NA,NA,NA
"908","Pictetiella expansa","USFS","PIBO",NA,NA,NA,NA,NA,NA
"909","Pilaria","USFS","PIBO",NA,NA,NA,NA,NA,NA
"910","Pionidae","BLM","AIM PIBO OE",NA,NA,NA,NA,NA,NA
"911","Pionidae","BLM","AIM WW OE",NA,NA,NA,NA,NA,NA
"912","Pionidae","USFS","PIBO",NA,NA,NA,NA,NA,NA
"913","Piscicolidae","USFS","PIBO",NA,NA,NA,NA,NA,NA
"914","Pisidiidae","USFS","PIBO",NA,NA,NA,NA,NA,NA
"915","Pisidium","BLM","AIM PIBO OE",NA,NA,NA,NA,NA,NA
"916","Pisidium","BLM","AIM WW OE",NA,NA,NA,NA,NA,NA
"917","Pisidium","USFS","PIBO",NA,NA,NA,NA,NA,NA
"918","Planorbidae","BLM","AIM PIBO OE",NA,NA,NA,NA,NA,NA
"919","Planorbidae","USFS","PIBO",NA,NA,NA,NA,NA,NA
"920","Platyhelminthes","BLM","AIM WW OE",NA,NA,NA,NA,NA,NA
"921","Platyhelminthes","USFS","PIBO",NA,NA,NA,NA,NA,NA
"922","Plauditus","USFS","PIBO",NA,NA,NA,NA,NA,NA
"923","Plauditus punctiventris","BLM","AIM WW OE",NA,NA,NA,NA,NA,NA
"924","Plauditus punctiventris","USFS","PIBO",NA,NA,NA,NA,NA,NA
"925","Plecoptera","USFS","PIBO",NA,NA,NA,NA,NA,NA
"926","Plumiperla","BLM","AIM WW OE",NA,NA,NA,NA,NA,NA
"927","Plumiperla","BLM","AIM PIBO OE",NA,NA,NA,NA,NA,NA
"928","Plumiperla","USFS","PIBO",NA,NA,NA,NA,NA,NA
"929","Plumiperla diversa","USFS","PIBO",NA,NA,NA,NA,NA,NA
"930","Podmosta","USFS","PIBO",NA,NA,NA,NA,NA,NA
"931","Podocopida","USFS","PIBO",NA,NA,NA,NA,NA,NA
"932","Podonominae","USFS","PIBO",NA,NA,NA,NA,NA,NA
"933","Podonominae","BLM","AIM WW OE",NA,NA,NA,NA,NA,NA
"934","Polycentropodidae","USFS","PIBO",NA,NA,NA,NA,NA,NA
"935","Polycentropodidae","BLM","AIM PIBO OE",NA,NA,NA,NA,NA,NA
"936","Polycentropus","BLM","AIM PIBO OE",NA,NA,NA,NA,NA,NA
"937","Polycentropus","BLM","AIM WW OE",NA,NA,NA,NA,NA,NA
"938","Polycentropus","USFS","PIBO",NA,NA,NA,NA,NA,NA
"939","Polycentropus centralis","USFS","PIBO",NA,NA,NA,NA,NA,NA
"940","Polypedilum","BLM","AIM PIBO OE",NA,NA,NA,NA,NA,NA
"941","Polypedilum","BLM","AIM WW OE",NA,NA,NA,NA,NA,NA
"942","Polypedilum","USFS","PIBO",NA,NA,NA,NA,NA,NA
"943","Postelichus","USFS","PIBO",NA,NA,NA,NA,NA,NA
"944","Potamopyrgus antipodarum","USFS","PIBO",NA,NA,NA,NA,NA,NA
"945","Potthastia gaedii group","BLM","AIM PIBO OE",NA,NA,NA,NA,NA,NA
"946","Potthastia gaedii group","BLM","AIM WW OE",NA,NA,NA,NA,NA,NA
"947","Potthastia gaedii group","USFS","PIBO",NA,NA,NA,NA,NA,NA
"948","Probezzia","BLM","AIM PIBO OE",NA,NA,NA,NA,NA,NA
"949","Probezzia","BLM","AIM WW OE",NA,NA,NA,NA,NA,NA
"950","Probezzia","USFS","PIBO",NA,NA,NA,NA,NA,NA
"951","Procladius","BLM","AIM PIBO OE",NA,NA,NA,NA,NA,NA
"952","Procladius","BLM","AIM WW OE",NA,NA,NA,NA,NA,NA
"953","Procladius","USFS","PIBO",NA,NA,NA,NA,NA,NA
"954","Procloeon","USFS","PIBO",NA,NA,NA,NA,NA,NA
"955","Prodiamesinae","USFS","PIBO",NA,NA,NA,NA,NA,NA
"956","Prodiamesinae","BLM","AIM WW OE",NA,NA,NA,NA,NA,NA
"957","Prosimulium","USFS","PIBO","D",172,5,"slightly fine sediment sensitive","Relyea et al. 2012 Table 2",""
"958","Prosimulium","BLM","AIM PIBO OE","D",172,5,"slightly fine sediment sensitive","Relyea et al. 2012 Table 2",""
"959","Prosimulium","BLM","AIM WW OE","D",172,5,"slightly fine sediment sensitive","Relyea et al. 2012 Table 2",""
"960","Prosimulium/Helodon","USFS","PIBO",NA,NA,NA,NA,NA,NA
"961","Protoptila","BLM","AIM WW OE","T",28,5,"slightly fine sediment sensitive","Relyea et al. 2012 Table 2",""
"962","Protoptila","USFS","PIBO","T",28,5,"slightly fine sediment sensitive","Relyea et al. 2012 Table 2",""
"963","Protzia","BLM","AIM PIBO OE",NA,NA,NA,NA,NA,NA
"964","Protzia","BLM","AIM WW OE",NA,NA,NA,NA,NA,NA
"965","Protzia","USFS","PIBO",NA,NA,NA,NA,NA,NA
"966","Psephenidae","USFS","PIBO",NA,NA,NA,NA,NA,NA
"967","Psephenus","BLM","AIM WW OE",NA,NA,NA,NA,NA,NA
"968","Psephenus","USFS","PIBO",NA,NA,NA,NA,NA,NA
"969","Pseudochironomus","BLM","AIM PIBO OE",NA,NA,NA,NA,NA,NA
"970","Pseudochironomus","BLM","AIM WW OE",NA,NA,NA,NA,NA,NA
"971","Pseudochironomus","USFS","PIBO",NA,NA,NA,NA,NA,NA
"972","Pseudocloeon","USFS","PIBO",NA,NA,NA,NA,NA,NA
"973","Pseudocloeon apache","USFS","PIBO",NA,NA,NA,NA,NA,NA
"974","Pseudodiamesa","BLM","AIM PIBO OE",NA,NA,NA,NA,NA,NA
"975","Pseudodiamesa","BLM","AIM WW OE",NA,NA,NA,NA,NA,NA
"976","Pseudodiamesa","USFS","PIBO",NA,NA,NA,NA,NA,NA
"977","Pseudorthocladius","BLM","AIM PIBO OE",NA,NA,NA,NA,NA,NA
"978","Pseudorthocladius","USFS","PIBO",NA,NA,NA,NA,NA,NA
"979","Psilometriocnemus","BLM","AIM WW OE",NA,NA,NA,NA,NA,NA
"980","Psilometriocnemus","USFS","PIBO",NA,NA,NA,NA,NA,NA
"981","Psychoda","USFS","PIBO",NA,NA,NA,NA,NA,NA
"982","Psychodidae","BLM","AIM WW OE",NA,NA,NA,NA,NA,NA
"983","Psychodidae","USFS","PIBO",NA,NA,NA,NA,NA,NA
"984","Psychoglypha","BLM","AIM PIBO OE",NA,NA,NA,NA,NA,NA
"985","Psychoglypha","BLM","AIM WW OE",NA,NA,NA,NA,NA,NA
"986","Psychoglypha","USFS","PIBO",NA,NA,NA,NA,NA,NA
"987","Psychomyia","USFS","PIBO",NA,NA,NA,NA,NA,NA
"988","Psychomyiidae","USFS","PIBO",NA,NA,NA,NA,NA,NA
"989","Pteronarcella","BLM","AIM PIBO OE",NA,NA,NA,NA,NA,NA
"990","Pteronarcella","USFS","PIBO",NA,NA,NA,NA,NA,NA
"991","Pteronarcella","BLM","AIM WW OE",NA,NA,NA,NA,NA,NA
"992","Pteronarcella badia","BLM","AIM WW OE",NA,NA,NA,NA,NA,NA
"993","Pteronarcella badia","BLM","AIM PIBO OE",NA,NA,NA,NA,NA,NA
"994","Pteronarcella badia","USFS","PIBO",NA,NA,NA,NA,NA,NA
"995","Pteronarcyidae","USFS","PIBO",NA,NA,NA,NA,NA,NA
"996","Pteronarcys","USFS","PIBO","P",101,10,"moderately fine sediment sensitive","Relyea et al. 2012 Table 2",""
"997","Pteronarcys","BLM","AIM WW OE","P",101,10,"moderately fine sediment sensitive","Relyea et al. 2012 Table 2",""
"998","Pteronarcys","BLM","AIM PIBO OE","P",101,10,"moderately fine sediment sensitive","Relyea et al. 2012 Table 2",""
"999","Pteronarcys californica","USFS","PIBO","P",52,10,"moderately fine sediment sensitive","Relyea et al. 2012 Table 2",""
"1000","Pteronarcys californica","BLM","AIM PIBO OE","P",52,10,"moderately fine sediment sensitive","Relyea et al. 2012 Table 2",""
"1001","Pteronarcys californica","BLM","AIM WW OE","P",52,10,"moderately fine sediment sensitive","Relyea et al. 2012 Table 2",""
"1002","Pteronarcys princeps","BLM","AIM PIBO OE","P",8,10,"moderately fine sediment sensitive","Relyea 2007 Table 4","n-size too small, therefore species occurrence value is the same as genus occurrence value"
"1003","Pteronarcys princeps","USFS","PIBO","P",8,10,"moderately fine sediment sensitive","Relyea 2007 Table 4","n-size too small, therefore species occurrence value is the same as genus occurrence value"
"1004","Pteronarcys princeps","BLM","AIM WW OE","P",8,10,"moderately fine sediment sensitive","Relyea 2007 Table 4","n-size too small, therefore species occurrence value is the same as genus occurrence value"
"1005","Ptychoptera","USFS","PIBO",NA,NA,NA,NA,NA,NA
"1006","Ptychoptera","BLM","AIM WW OE",NA,NA,NA,NA,NA,NA
"1007","Ptychopteridae","USFS","PIBO",NA,NA,NA,NA,NA,NA
"1008","Pyrgulopsis","USFS","PIBO",NA,NA,NA,NA,NA,NA
"1009","Radotanypus","BLM","AIM PIBO OE",NA,NA,NA,NA,NA,NA
"1010","Radotanypus","BLM","AIM WW OE",NA,NA,NA,NA,NA,NA
"1011","Radotanypus","USFS","PIBO",NA,NA,NA,NA,NA,NA
"1012","Rhabdomastix","BLM","AIM WW OE","D",107,5,"slightly fine sediment sensitive","Relyea et al. 2012 Table 2",""
"1013","Rhabdomastix","BLM","AIM PIBO OE","D",107,5,"slightly fine sediment sensitive","Relyea et al. 2012 Table 2",""
"1014","Rhabdomastix","USFS","PIBO","D",107,5,"slightly fine sediment sensitive","Relyea et al. 2012 Table 2",""
"1015","Rheocricotopus","BLM","AIM PIBO OE",NA,NA,NA,NA,NA,NA
"1016","Rheocricotopus","BLM","AIM WW OE",NA,NA,NA,NA,NA,NA
"1017","Rheocricotopus","USFS","PIBO",NA,NA,NA,NA,NA,NA
"1018","Rheotanytarsus","BLM","AIM PIBO OE",NA,NA,NA,NA,NA,NA
"1019","Rheotanytarsus","BLM","AIM WW OE",NA,NA,NA,NA,NA,NA
"1020","Rheotanytarsus","USFS","PIBO",NA,NA,NA,NA,NA,NA
"1021","Rhithrogena","BLM","AIM PIBO OE",NA,NA,NA,NA,NA,NA
"1022","Rhithrogena","BLM","AIM WW OE",NA,NA,NA,NA,NA,NA
"1023","Rhithrogena","USFS","PIBO",NA,NA,NA,NA,NA,NA
"1024","Rhizelmis nigra","USFS","PIBO",NA,NA,NA,NA,NA,NA
"1025","Rhyacophila","BLM","AIM WW OE",NA,NA,NA,NA,NA,NA
"1026","Rhyacophila","USFS","PIBO",NA,NA,NA,NA,NA,NA
"1027","Rhyacophila alberta group","BLM","AIM WW OE",NA,NA,NA,NA,NA,NA
"1028","Rhyacophila alberta group","USFS","PIBO",NA,NA,NA,NA,NA,NA
"1029","Rhyacophila angelita group","BLM","AIM PIBO OE",NA,NA,NA,NA,NA,NA
"1030","Rhyacophila angelita group","BLM","AIM WW OE",NA,NA,NA,NA,NA,NA
"1031","Rhyacophila angelita group","USFS","PIBO",NA,NA,NA,NA,NA,NA
"1032","Rhyacophila atrata complex","BLM","AIM WW OE",NA,NA,NA,NA,NA,NA
"1033","Rhyacophila atrata complex","USFS","PIBO",NA,NA,NA,NA,NA,NA
"1034","Rhyacophila betteni group","BLM","AIM PIBO OE",NA,NA,NA,NA,NA,NA
"1035","Rhyacophila betteni group","BLM","AIM WW OE",NA,NA,NA,NA,NA,NA
"1036","Rhyacophila betteni group","USFS","PIBO",NA,NA,NA,NA,NA,NA
"1037","Rhyacophila brunnea","USFS","PIBO",NA,NA,NA,NA,NA,NA
"1038","Rhyacophila brunnea group","USFS","PIBO",NA,NA,NA,NA,NA,NA
"1039","Rhyacophila brunnea/vemna group","BLM","AIM PIBO OE",NA,NA,NA,NA,NA,NA
"1040","Rhyacophila brunnea/vemna group","BLM","AIM WW OE",NA,NA,NA,NA,NA,NA
"1041","Rhyacophila brunnea/vemna group","USFS","PIBO",NA,NA,NA,NA,NA,NA
"1042","Rhyacophila coloradensis group","BLM","AIM PIBO OE",NA,NA,NA,NA,NA,NA
"1043","Rhyacophila coloradensis group","USFS","PIBO",NA,NA,NA,NA,NA,NA
"1044","Rhyacophila ecosa group","USFS","PIBO",NA,NA,NA,NA,NA,NA
"1045","Rhyacophila grandis group","USFS","PIBO",NA,NA,NA,NA,NA,NA
"1046","Rhyacophila hyalinata group","BLM","AIM PIBO OE",NA,NA,NA,NA,NA,NA
"1047","Rhyacophila hyalinata group","BLM","AIM WW OE",NA,NA,NA,NA,NA,NA
"1048","Rhyacophila hyalinata group","USFS","PIBO",NA,NA,NA,NA,NA,NA
"1049","Rhyacophila narvae","BLM","AIM WW OE",NA,NA,NA,NA,NA,NA
"1050","Rhyacophila narvae","USFS","PIBO",NA,NA,NA,NA,NA,NA
"1051","Rhyacophila rotunda group","BLM","AIM WW OE",NA,NA,NA,NA,NA,NA
"1052","Rhyacophila rotunda group","USFS","PIBO",NA,NA,NA,NA,NA,NA
"1053","Rhyacophila sibirica group","USFS","PIBO",NA,NA,NA,NA,NA,NA
"1054","Rhyacophila tucula","USFS","PIBO",NA,NA,NA,NA,NA,NA
"1055","Rhyacophila vaccua","USFS","PIBO",NA,NA,NA,NA,NA,NA
"1056","Rhyacophila vagrita group","BLM","AIM WW OE",NA,NA,NA,NA,NA,NA
"1057","Rhyacophila vagrita group","USFS","PIBO",NA,NA,NA,NA,NA,NA
"1058","Rhyacophila verrula","USFS","PIBO",NA,NA,NA,NA,NA,NA
"1059","Rhyacophila verrula group","BLM","AIM PIBO OE",NA,NA,NA,NA,NA,NA
"1060","Rhyacophila verrula group","BLM","AIM WW OE",NA,NA,NA,NA,NA,NA
"1061","Rhyacophila verrula group","USFS","PIBO",NA,NA,NA,NA,NA,NA
"1062","Rhyacophila viquaea group","BLM","AIM WW OE",NA,NA,NA,NA,NA,NA
"1063","Rhyacophila viquaea group","USFS","PIBO",NA,NA,NA,NA,NA,NA
"1064","Rhyacophila vofixa group","BLM","AIM PIBO OE",NA,NA,NA,NA,NA,NA
"1065","Rhyacophila vofixa group","BLM","AIM WW OE",NA,NA,NA,NA,NA,NA
"1066","Rhyacophila vofixa group","USFS","PIBO",NA,NA,NA,NA,NA,NA
"1067","Rhyacophilidae","USFS","PIBO",NA,NA,NA,NA,NA,NA
"1068","Rickera","USFS","PIBO",NA,NA,NA,NA,NA,NA
"1069","Rickera sorpta","USFS","PIBO",NA,NA,NA,NA,NA,NA
"1070","Sanfilippodytes","USFS","PIBO",NA,NA,NA,NA,NA,NA
"1071","Sciomyzidae","USFS","PIBO",NA,NA,NA,NA,NA,NA
"1072","Sepedon","USFS","PIBO",NA,NA,NA,NA,NA,NA
"1073","Sepedon","BLM","AIM WW OE",NA,NA,NA,NA,NA,NA
"1074","Sergentia","BLM","AIM WW OE",NA,NA,NA,NA,NA,NA
"1075","Sergentia","BLM","AIM PIBO OE",NA,NA,NA,NA,NA,NA
"1076","Sergentia","USFS","PIBO",NA,NA,NA,NA,NA,NA
"1077","Sericostriata surdickae","BLM","AIM PIBO OE",NA,NA,NA,NA,NA,NA
"1078","Sericostriata surdickae","BLM","AIM WW OE",NA,NA,NA,NA,NA,NA
"1079","Sericostriata surdickae","USFS","PIBO",NA,NA,NA,NA,NA,NA
"1080","Serratella","USFS","PIBO","E",436,5,"slightly fine sediment sensitive","Relyea et al. 2012 Table 2",""
"1081","Serratella","BLM","AIM PIBO OE","E",436,5,"slightly fine sediment sensitive","Relyea et al. 2012 Table 2",""
"1082","Serratella","BLM","AIM WW OE","E",436,5,"slightly fine sediment sensitive","Relyea et al. 2012 Table 2",""
"1083","Serratella micheneri","USFS","PIBO",NA,NA,NA,NA,NA,NA
"1084","Setvena","USFS","PIBO","P",55,15,"very fine sediment sensitive","Relyea et al. 2012 Table 2",""
"1085","Setvena bradleyi","BLM","AIM PIBO OE","P",18,15,"very fine sediment sensitive","Relyea 2007 Table 4","n-size too small, therefore species occurrence value is the same as genus occurrence value"
"1086","Setvena bradleyi","USFS","PIBO","P",18,15,"very fine sediment sensitive","Relyea 2007 Table 4","n-size too small, therefore species occurrence value is the same as genus occurrence value"
"1087","Setvena bradleyi","BLM","AIM WW OE","P",18,15,"very fine sediment sensitive","Relyea 2007 Table 4","n-size too small, therefore species occurrence value is the same as genus occurrence value"
"1088","Sialis","BLM","AIM WW OE",NA,NA,NA,NA,NA,NA
"1089","Sialis","BLM","AIM PIBO OE",NA,NA,NA,NA,NA,NA
"1090","Sialis","USFS","PIBO",NA,NA,NA,NA,NA,NA
"1091","Sialis occidens","USFS","PIBO",NA,NA,NA,NA,NA,NA
"1092","Sigara","BLM","AIM WW OE",NA,NA,NA,NA,NA,NA
"1093","Sigara","USFS","PIBO",NA,NA,NA,NA,NA,NA
"1094","Simuliidae","BLM","AIM WW OE",NA,NA,NA,NA,NA,NA
"1095","Simuliidae","USFS","PIBO",NA,NA,NA,NA,NA,NA
"1096","Simulium","BLM","AIM PIBO OE",NA,NA,NA,NA,NA,NA
"1097","Simulium","BLM","AIM WW OE",NA,NA,NA,NA,NA,NA
"1098","Simulium","USFS","PIBO",NA,NA,NA,NA,NA,NA
"1099","Simulium arcticum","USFS","PIBO",NA,NA,NA,NA,NA,NA
"1100","Simulium arcticum group","USFS","PIBO",NA,NA,NA,NA,NA,NA
"1101","Simulium argus","USFS","PIBO",NA,NA,NA,NA,NA,NA
"1102","Simulium canadense","USFS","PIBO",NA,NA,NA,NA,NA,NA
"1103","Simulium defoliarti","USFS","PIBO",NA,NA,NA,NA,NA,NA
"1104","Simulium meridionale","USFS","PIBO",NA,NA,NA,NA,NA,NA
"1105","Simulium piperi","USFS","PIBO",NA,NA,NA,NA,NA,NA
"1106","Simulium tuberosum group","USFS","PIBO",NA,NA,NA,NA,NA,NA
"1107","Simulium venustum group","USFS","PIBO",NA,NA,NA,NA,NA,NA
"1108","Simulium vittatum group","USFS","PIBO",NA,NA,NA,NA,NA,NA
"1109","Siphlonuridae","BLM","AIM WW OE",NA,NA,NA,NA,NA,NA
"1110","Siphlonuridae","USFS","PIBO",NA,NA,NA,NA,NA,NA
"1111","Siphlonurus","BLM","AIM PIBO OE",NA,NA,NA,NA,NA,NA
"1112","Siphlonurus","BLM","AIM WW OE",NA,NA,NA,NA,NA,NA
"1113","Siphlonurus","USFS","PIBO",NA,NA,NA,NA,NA,NA
"1114","Skwala","BLM","AIM PIBO OE",NA,NA,NA,NA,NA,NA
"1115","Skwala","BLM","AIM WW OE",NA,NA,NA,NA,NA,NA
"1116","Skwala","USFS","PIBO",NA,NA,NA,NA,NA,NA
"1117","Skwala americana","BLM","AIM PIBO OE",NA,NA,NA,NA,NA,NA
"1118","Skwala americana","BLM","AIM WW OE",NA,NA,NA,NA,NA,NA
"1119","Skwala americana","USFS","PIBO",NA,NA,NA,NA,NA,NA
"1120","Somatochlora","USFS","PIBO",NA,NA,NA,NA,NA,NA
"1121","Soyedina","USFS","PIBO",NA,NA,NA,NA,NA,NA
"1122","Sperchon","BLM","AIM PIBO OE",NA,NA,NA,NA,NA,NA
"1123","Sperchon","BLM","AIM WW OE",NA,NA,NA,NA,NA,NA
"1124","Sperchon","USFS","PIBO",NA,NA,NA,NA,NA,NA
"1125","Sperchonidae","BLM","AIM PIBO OE",NA,NA,NA,NA,NA,NA
"1126","Sperchonidae","BLM","AIM WW OE",NA,NA,NA,NA,NA,NA
"1127","Sperchonidae","USFS","PIBO",NA,NA,NA,NA,NA,NA
"1128","Sperchonopsis","BLM","AIM PIBO OE",NA,NA,NA,NA,NA,NA
"1129","Sperchonopsis","BLM","AIM WW OE",NA,NA,NA,NA,NA,NA
"1130","Sperchonopsis","USFS","PIBO",NA,NA,NA,NA,NA,NA
"1131","Sphaerium","BLM","AIM PIBO OE",NA,NA,NA,NA,NA,NA
"1132","Sphaerium","BLM","AIM WW OE",NA,NA,NA,NA,NA,NA
"1133","Sphaerium","USFS","PIBO",NA,NA,NA,NA,NA,NA
"1134","Stagnicola","USFS","PIBO",NA,NA,NA,NA,NA,NA
"1135","Staphylinidae","USFS","PIBO",NA,NA,NA,NA,NA,NA
"1136","Stegopterna","BLM","AIM WW OE",NA,NA,NA,NA,NA,NA
"1137","Stegopterna","USFS","PIBO",NA,NA,NA,NA,NA,NA
"1138","Stempellina","BLM","AIM PIBO OE",NA,NA,NA,NA,NA,NA
"1139","Stempellina","BLM","AIM WW OE",NA,NA,NA,NA,NA,NA
"1140","Stempellina","USFS","PIBO",NA,NA,NA,NA,NA,NA
"1141","Stempellinella","BLM","AIM PIBO OE",NA,NA,NA,NA,NA,NA
"1142","Stempellinella","BLM","AIM WW OE",NA,NA,NA,NA,NA,NA
"1143","Stempellinella","USFS","PIBO",NA,NA,NA,NA,NA,NA
"1144","Stenelmis","USFS","PIBO",NA,NA,NA,NA,NA,NA
"1145","Stenonema femoratum","BLM","AIM PIBO OE",NA,NA,NA,NA,NA,NA
"1146","Stenonema femoratum","BLM","AIM WW OE",NA,NA,NA,NA,NA,NA
"1147","Stenonema femoratum","USFS","PIBO",NA,NA,NA,NA,NA,NA
"1148","Stictochironomus","BLM","AIM PIBO OE",NA,NA,NA,NA,NA,NA
"1149","Stictochironomus","BLM","AIM WW OE",NA,NA,NA,NA,NA,NA
"1150","Stictochironomus","USFS","PIBO",NA,NA,NA,NA,NA,NA
"1151","Stictotarsus","BLM","AIM WW OE",NA,NA,NA,NA,NA,NA
"1152","Stictotarsus","USFS","PIBO",NA,NA,NA,NA,NA,NA
"1153","Stratiomyidae","USFS","PIBO",NA,NA,NA,NA,NA,NA
"1154","Stratiomyidae","BLM","AIM WW OE",NA,NA,NA,NA,NA,NA
"1155","Stratiomys","BLM","AIM WW OE",NA,NA,NA,NA,NA,NA
"1156","Stratiomys","USFS","PIBO",NA,NA,NA,NA,NA,NA
"1157","Stygobromus","USFS","PIBO",NA,NA,NA,NA,NA,NA
"1158","Sublettea","BLM","AIM PIBO OE",NA,NA,NA,NA,NA,NA
"1159","Sublettea","BLM","AIM WW OE",NA,NA,NA,NA,NA,NA
"1160","Sublettea","USFS","PIBO",NA,NA,NA,NA,NA,NA
"1161","Suwallia","BLM","AIM WW OE","P",96,10,"moderately fine sediment sensitive","Relyea et al. 2012 Table 2",""
"1162","Suwallia","USFS","PIBO","P",96,10,"moderately fine sediment sensitive","Relyea et al. 2012 Table 2",""
"1163","Suwallia","BLM","AIM PIBO OE","P",96,10,"moderately fine sediment sensitive","Relyea et al. 2012 Table 2",""
"1164","Sweltsa","BLM","AIM PIBO OE",NA,NA,NA,NA,NA,NA
"1165","Sweltsa","BLM","AIM WW OE",NA,NA,NA,NA,NA,NA
"1166","Sweltsa","USFS","PIBO",NA,NA,NA,NA,NA,NA
"1167","Synorthocladius","BLM","AIM PIBO OE",NA,NA,NA,NA,NA,NA
"1168","Synorthocladius","BLM","AIM WW OE",NA,NA,NA,NA,NA,NA
"1169","Synorthocladius","USFS","PIBO",NA,NA,NA,NA,NA,NA
"1170","Tabanidae","BLM","AIM PIBO OE",NA,NA,NA,NA,NA,NA
"1171","Tabanidae","BLM","AIM WW OE",NA,NA,NA,NA,NA,NA
"1172","Tabanidae","USFS","PIBO",NA,NA,NA,NA,NA,NA
"1173","Tabanus","BLM","AIM PIBO OE",NA,NA,NA,NA,NA,NA
"1174","Tabanus","BLM","AIM WW OE",NA,NA,NA,NA,NA,NA
"1175","Tabanus","USFS","PIBO",NA,NA,NA,NA,NA,NA
"1176","Taenionema","USFS","PIBO",NA,NA,NA,NA,NA,NA
"1177","Taeniopterygidae","BLM","AIM PIBO OE",NA,NA,NA,NA,NA,NA
"1178","Taeniopterygidae","USFS","PIBO",NA,NA,NA,NA,NA,NA
"1179","Taeniopteryx","BLM","AIM PIBO OE",NA,NA,NA,NA,NA,NA
"1180","Taeniopteryx","BLM","AIM WW OE",NA,NA,NA,NA,NA,NA
"1181","Taeniopteryx","USFS","PIBO",NA,NA,NA,NA,NA,NA
"1182","Tanypodinae","BLM","AIM PIBO OE",NA,NA,NA,NA,NA,NA
"1183","Tanypodinae","BLM","AIM WW OE",NA,NA,NA,NA,NA,NA
"1184","Tanypodinae","USFS","PIBO",NA,NA,NA,NA,NA,NA
"1185","Tanytarsus","BLM","AIM PIBO OE",NA,NA,NA,NA,NA,NA
"1186","Tanytarsus","BLM","AIM WW OE",NA,NA,NA,NA,NA,NA
"1187","Tanytarsus","USFS","PIBO",NA,NA,NA,NA,NA,NA
"1188","Tardigrada","USFS","PIBO",NA,NA,NA,NA,NA,NA
"1189","Telmatogetoninae","USFS","PIBO",NA,NA,NA,NA,NA,NA
"1190","Testudacarus","BLM","AIM WW OE",NA,NA,NA,NA,NA,NA
"1191","Testudacarus","BLM","AIM PIBO OE",NA,NA,NA,NA,NA,NA
"1192","Testudacarus","USFS","PIBO",NA,NA,NA,NA,NA,NA
"1193","Thaumalea","BLM","AIM PIBO OE",NA,NA,NA,NA,NA,NA
"1194","Thaumalea","BLM","AIM WW OE",NA,NA,NA,NA,NA,NA
"1195","Thaumalea","USFS","PIBO",NA,NA,NA,NA,NA,NA
"1196","Thaumaleidae","BLM","AIM PIBO OE",NA,NA,NA,NA,NA,NA
"1197","Thaumaleidae","BLM","AIM WW OE",NA,NA,NA,NA,NA,NA
"1198","Thaumaleidae","USFS","PIBO",NA,NA,NA,NA,NA,NA
"1199","Thienemanniella","BLM","AIM PIBO OE",NA,NA,NA,NA,NA,NA
"1200","Thienemanniella","BLM","AIM WW OE",NA,NA,NA,NA,NA,NA
"1201","Thienemanniella","USFS","PIBO",NA,NA,NA,NA,NA,NA
"1202","Thienemannimyia group","BLM","AIM PIBO OE",NA,NA,NA,NA,NA,NA
"1203","Thienemannimyia group","BLM","AIM WW OE",NA,NA,NA,NA,NA,NA
"1204","Thienemannimyia group","USFS","PIBO",NA,NA,NA,NA,NA,NA
"1205","Timpanoga hecuba","BLM","AIM WW OE",NA,NA,NA,NA,NA,NA
"1206","Timpanoga hecuba","USFS","PIBO",NA,NA,NA,NA,NA,NA
"1207","Tipula","BLM","AIM PIBO OE",NA,NA,NA,NA,NA,NA
"1208","Tipula","BLM","AIM WW OE",NA,NA,NA,NA,NA,NA
"1209","Tipula","USFS","PIBO",NA,NA,NA,NA,NA,NA
"1210","Tipula (Arctotipula)","USFS","PIBO",NA,NA,NA,NA,NA,NA
"1211","Tipula (Nippotipula)","USFS","PIBO",NA,NA,NA,NA,NA,NA
"1212","Tipulidae","USFS","PIBO",NA,NA,NA,NA,NA,NA
"1213","Torrenticola","BLM","AIM PIBO OE",NA,NA,NA,NA,NA,NA
"1214","Torrenticola","BLM","AIM WW OE",NA,NA,NA,NA,NA,NA
"1215","Torrenticola","USFS","PIBO",NA,NA,NA,NA,NA,NA
"1216","Torrenticolidae","BLM","AIM PIBO OE",NA,NA,NA,NA,NA,NA
"1217","Torrenticolidae","BLM","AIM WW OE",NA,NA,NA,NA,NA,NA
"1218","Torrenticolidae","USFS","PIBO",NA,NA,NA,NA,NA,NA
"1219","Triaenodes","USFS","PIBO",NA,NA,NA,NA,NA,NA
"1220","Trichoclinocera","USFS","PIBO",NA,NA,NA,NA,NA,NA
"1221","Trichoptera","USFS","PIBO",NA,NA,NA,NA,NA,NA
"1222","Tricorythodes","BLM","AIM PIBO OE",NA,NA,NA,NA,NA,NA
"1223","Tricorythodes","BLM","AIM WW OE",NA,NA,NA,NA,NA,NA
"1224","Tricorythodes","USFS","PIBO",NA,NA,NA,NA,NA,NA
"1225","Triznaka","USFS","PIBO",NA,NA,NA,NA,NA,NA
"1226","Trombidiformes","BLM","AIM PIBO OE",NA,NA,NA,NA,NA,NA
"1227","Trombidiformes","BLM","AIM WW OE",NA,NA,NA,NA,NA,NA
"1228","Trombidiformes","USFS","PIBO",NA,NA,NA,NA,NA,NA
"1229","Tropisternus","BLM","AIM WW OE",NA,NA,NA,NA,NA,NA
"1230","Tropisternus","USFS","PIBO",NA,NA,NA,NA,NA,NA
"1231","Tubificida","USFS","PIBO",NA,NA,NA,NA,NA,NA
"1232","Tvetenia bavarica group","BLM","AIM PIBO OE",NA,NA,NA,NA,NA,NA
"1233","Tvetenia bavarica group","BLM","AIM WW OE",NA,NA,NA,NA,NA,NA
"1234","Tvetenia bavarica group","USFS","PIBO",NA,NA,NA,NA,NA,NA
"1235","Uenoidae","USFS","PIBO",NA,NA,NA,NA,NA,NA
"1236","Unionicola","BLM","AIM PIBO OE",NA,NA,NA,NA,NA,NA
"1237","Unionicola","BLM","AIM WW OE",NA,NA,NA,NA,NA,NA
"1238","Unionicola","USFS","PIBO",NA,NA,NA,NA,NA,NA
"1239","Utaperla sopladora","USFS","PIBO",NA,NA,NA,NA,NA,NA
"1240","Uvarus","USFS","PIBO",NA,NA,NA,NA,NA,NA
"1241","Valvata","BLM","AIM WW OE",NA,NA,NA,NA,NA,NA
"1242","Valvata","USFS","PIBO",NA,NA,NA,NA,NA,NA
"1243","Valvata humeralis","USFS","PIBO",NA,NA,NA,NA,NA,NA
"1244","Visoka","USFS","PIBO",NA,NA,NA,NA,NA,NA
"1245","Visoka cataractae","BLM","AIM WW OE","P",172,5,"slightly fine sediment sensitive","Relyea et al. 2012 Table 2",""
"1246","Visoka cataractae","USFS","PIBO","P",172,5,"slightly fine sediment sensitive","Relyea et al. 2012 Table 2",""
"1247","Visoka cataractae","BLM","AIM PIBO OE","P",172,5,"slightly fine sediment sensitive","Relyea et al. 2012 Table 2",""
"1248","Vorticifex effusa","BLM","AIM PIBO OE",NA,NA,NA,NA,NA,NA
"1249","Vorticifex effusa","BLM","AIM WW OE",NA,NA,NA,NA,NA,NA
"1250","Vorticifex effusa","USFS","PIBO",NA,NA,NA,NA,NA,NA
"1251","Wandesia","BLM","AIM PIBO OE",NA,NA,NA,NA,NA,NA
"1252","Wandesia","BLM","AIM WW OE",NA,NA,NA,NA,NA,NA
"1253","Wandesia","USFS","PIBO",NA,NA,NA,NA,NA,NA
"1254","Wiedemannia","BLM","AIM WW OE",NA,NA,NA,NA,NA,NA
"1255","Wiedemannia","BLM","AIM PIBO OE",NA,NA,NA,NA,NA,NA
"1256","Wiedemannia","USFS","PIBO",NA,NA,NA,NA,NA,NA
"1257","Wormaldia","BLM","AIM PIBO OE",NA,NA,NA,NA,NA,NA
"1258","Wormaldia","BLM","AIM WW OE",NA,NA,NA,NA,NA,NA
"1259","Wormaldia","USFS","PIBO",NA,NA,NA,NA,NA,NA
"1260","Xenacoelomorpha","BLM","AIM WW OE",NA,NA,NA,NA,NA,NA
"1261","Xenacoelomorpha","USFS","PIBO",NA,NA,NA,NA,NA,NA
"1262","Yoraperla","USFS","PIBO","P",396,5,"slightly fine sediment sensitive","Relyea et al. 2012 Table 2",""
"1263","Yoraperla","BLM","AIM PIBO OE","P",396,5,"slightly fine sediment sensitive","Relyea et al. 2012 Table 2",""
"1264","Yoraperla","BLM","AIM WW OE","P",396,5,"slightly fine sediment sensitive","Relyea et al. 2012 Table 2",""
"1265","Yoraperla brevis","USFS","PIBO","P",25,5,"slightly fine sediment sensitive","Relyea 2007 Table 4",""
"1266","Zaitzevia","BLM","AIM PIBO OE",NA,NA,NA,NA,NA,NA
"1267","Zaitzevia","BLM","AIM WW OE",NA,NA,NA,NA,NA,NA
"1268","Zaitzevia","USFS","PIBO",NA,NA,NA,NA,NA,NA
"1269","Zaitzevia parvula","BLM","AIM PIBO OE",NA,NA,NA,NA,NA,NA
"1270","Zaitzevia parvula","BLM","AIM WW OE",NA,NA,NA,NA,NA,NA
"1271","Zaitzevia parvula","USFS","PIBO",NA,NA,NA,NA,NA,NA
"1272","Zaitzevia parvulua parvula","BLM","AIM PIBO OE",NA,NA,NA,NA,NA,NA
"1273","Zaitzevia parvulua parvula","BLM","AIM WW OE",NA,NA,NA,NA,NA,NA
"1274","Zaitzevia parvulua parvula","USFS","PIBO",NA,NA,NA,NA,NA,NA
"1275","Zapada","USFS","PIBO",NA,NA,NA,NA,NA,NA
"1276","Zapada","BLM","AIM PIBO OE",NA,NA,NA,NA,NA,NA
"1277","Zapada","BLM","AIM WW OE",NA,NA,NA,NA,NA,NA
"1278","Zapada cinctipes","BLM","AIM PIBO OE",NA,NA,NA,NA,NA,NA
"1279","Zapada cinctipes","BLM","AIM WW OE",NA,NA,NA,NA,NA,NA
"1280","Zapada cinctipes","USFS","PIBO",NA,NA,NA,NA,NA,NA
"1281","Zapada columbiana","BLM","AIM PIBO OE",NA,NA,NA,NA,NA,NA
"1282","Zapada columbiana","BLM","AIM WW OE",NA,NA,NA,NA,NA,NA
"1283","Zapada columbiana","USFS","PIBO",NA,NA,NA,NA,NA,NA
"1284","Zapada columbiana/oregonensis group","BLM","AIM PIBO OE",NA,NA,NA,NA,NA,NA
"1285","Zapada columbiana/oregonensis group","BLM","AIM WW OE",NA,NA,NA,NA,NA,NA
"1286","Zapada columbiana/oregonensis group","USFS","PIBO",NA,NA,NA,NA,NA,NA
"1287","Zapada frigida","BLM","AIM PIBO OE","P",25,5,"slightly fine sediment sensitive","Relyea et al. 2012 Table 2",""
"1288","Zapada frigida","USFS","PIBO","P",25,5,"slightly fine sediment sensitive","Relyea et al. 2012 Table 2",""
"1289","Zapada frigida","BLM","AIM WW OE","P",25,5,"slightly fine sediment sensitive","Relyea et al. 2012 Table 2",""
"1290","Zapada oregonensis","BLM","AIM PIBO OE",NA,NA,NA,NA,NA,NA
"1291","Zapada oregonensis","USFS","PIBO",NA,NA,NA,NA,NA,NA
"1292","Zapada oregonensis group","BLM","AIM PIBO OE",NA,NA,NA,NA,NA,NA
"1293","Zapada oregonensis group","BLM","AIM WW OE",NA,NA,NA,NA,NA,NA
"1294","Zapada oregonensis group","USFS","PIBO",NA,NA,NA,NA,NA,NA
"1295","Zavrelimyia","BLM","AIM PIBO OE",NA,NA,NA,NA,NA,NA
"1296","Zavrelimyia","BLM","AIM WW OE",NA,NA,NA,NA,NA,NA
"1297","Zavrelimyia","USFS","PIBO",NA,NA,NA,NA,NA,NA
"1298","Zonitoides","USFS","PIBO",NA,NA,NA,NA,NA,NA
